"HGNC ID (gene)","Approved symbol","Approved name","Previous symbols","Synonyms","Chromosome","Group"
"HGNC:5297","HTR3A","5-hydroxytryptamine receptor 3A","HTR3","","11q23.2","5-hydroxytryptamine receptors, ionotropic"
"HGNC:5298","HTR3B","5-hydroxytryptamine receptor 3B","","","11q23.2","5-hydroxytryptamine receptors, ionotropic"
"HGNC:24003","HTR3C","5-hydroxytryptamine receptor 3C","","","3q27.1","5-hydroxytryptamine receptors, ionotropic"
"HGNC:24004","HTR3D","5-hydroxytryptamine receptor 3D","","","3q27.1","5-hydroxytryptamine receptors, ionotropic"
"HGNC:24005","HTR3E","5-hydroxytryptamine receptor 3E","","","3q27.1","5-hydroxytryptamine receptors, ionotropic"
"HGNC:100","ASIC1","acid sensing ion channel subunit 1","ACCN2","","12q13.12","Acid sensing ion channel subunits"
"HGNC:99","ASIC2","acid sensing ion channel subunit 2","ACCN,ACCN1","","17q11.2-q12","Acid sensing ion channel subunits"
"HGNC:101","ASIC3","acid sensing ion channel subunit 3","ACCN3","","7q36.1","Acid sensing ion channel subunits"
"HGNC:21263","ASIC4","acid sensing ion channel subunit family member 4","ACCN4","","2q35","Acid sensing ion channel subunits"
"HGNC:17537","ASIC5","acid sensing ion channel subunit family member 5","ACCN5","","4q32.1","Acid sensing ion channel subunits"
"HGNC:21625","ANO1","anoctamin 1","ORAOV2,TMEM16A","","11q13.3","Anoctamins"
"HGNC:1183","ANO2","anoctamin 2","C12orf3,TMEM16B","","12p13.31","Anoctamins"
"HGNC:14004","ANO3","anoctamin 3","C11orf25,TMEM16C","","11p14.2","Anoctamins"
"HGNC:23837","ANO4","anoctamin 4","TMEM16D","","12q23.1","Anoctamins"
"HGNC:27337","ANO5","anoctamin 5","TMEM16E,LGMD2L","","11p14.3","Anoctamins"
"HGNC:25240","ANO6","anoctamin 6","TMEM16F","","12q12","Anoctamins"
"HGNC:31677","ANO7","anoctamin 7","PCANAP5,TMEM16G","","2q37.3","Anoctamins"
"HGNC:29329","ANO8","anoctamin 8","KIAA1623,TMEM16H","","19p13.11","Anoctamins"
"HGNC:20679","ANO9","anoctamin 9","TP53I5,TMEM16J","","11p15.5","Anoctamins"
"HGNC:25519","ANO10","anoctamin 10","TMEM16K","","3p22.1-p21.33","Anoctamins"
"HGNC:7103","MIP","major intrinsic protein of lens fiber","","","12q13.3","Aquaporins"
"HGNC:633","AQP1","aquaporin 1 (Colton blood group)","CO","","7p14.3","Aquaporins"
"HGNC:634","AQP2","aquaporin 2","","","12q13.12","Aquaporins"
"HGNC:636","AQP3","aquaporin 3 (Gill blood group)","","","9p13.3","Aquaporins"
"HGNC:637","AQP4","aquaporin 4","","","18q11.2","Aquaporins"
"HGNC:638","AQP5","aquaporin 5","","","12q13.12","Aquaporins"
"HGNC:639","AQP6","aquaporin 6","AQP2L","","12q13.12","Aquaporins"
"HGNC:640","AQP7","aquaporin 7","AQP7L","","9p13.3","Aquaporins"
"HGNC:642","AQP8","aquaporin 8","","","16p12.1","Aquaporins"
"HGNC:643","AQP9","aquaporin 9","","","15q21.3","Aquaporins"
"HGNC:16029","AQP10","aquaporin 10","","","1q21.3","Aquaporins"
"HGNC:19940","AQP11","aquaporin 11","","","11q14.1","Aquaporins"
"HGNC:19941","AQP12A","aquaporin 12A","AQP12","","2q37.3","Aquaporins"
"HGNC:6096","AQP12B","aquaporin 12B","INSSA3","","2q37.3","Aquaporins"
"HGNC:12703","BEST1","bestrophin 1","VMD2","","11q12.3","Bestrophins"
"HGNC:17107","BEST2","bestrophin 2","VMD2L1","","19p13.13","Bestrophins"
"HGNC:17105","BEST3","bestrophin 3","VMD2L3","","12q15","Bestrophins"
"HGNC:17106","BEST4","bestrophin 4","VMD2L2","","1p34.1","Bestrophins"
"HGNC:1405","CACNG1","calcium voltage-gated channel auxiliary subunit gamma 1","CACNLG","","17q24.2","Calcium channel auxiliary gamma subunits"
"HGNC:1406","CACNG2","calcium voltage-gated channel auxiliary subunit gamma 2","","","22q12.3","Calcium channel auxiliary gamma subunits"
"HGNC:1407","CACNG3","calcium voltage-gated channel auxiliary subunit gamma 3","","","16p12.1","Calcium channel auxiliary gamma subunits"
"HGNC:1408","CACNG4","calcium voltage-gated channel auxiliary subunit gamma 4","","","17q24.2","Calcium channel auxiliary gamma subunits"
"HGNC:1409","CACNG5","calcium voltage-gated channel auxiliary subunit gamma 5","","","17q24.2","Calcium channel auxiliary gamma subunits"
"HGNC:13625","CACNG6","calcium voltage-gated channel auxiliary subunit gamma 6","","","19q13.42","Calcium channel auxiliary gamma subunits"
"HGNC:13626","CACNG7","calcium voltage-gated channel auxiliary subunit gamma 7","","","19q13.42","Calcium channel auxiliary gamma subunits"
"HGNC:13628","CACNG8","calcium voltage-gated channel auxiliary subunit gamma 8","","","19q13.42","Calcium channel auxiliary gamma subunits"
"HGNC:1388","CACNA1A","calcium voltage-gated channel subunit alpha1 A","CACNL1A4,SCA6,MHP1,MHP","","19p13.13","Calcium voltage-gated channel alpha1 subunits"
"HGNC:1389","CACNA1B","calcium voltage-gated channel subunit alpha1 B","CACNL1A5","","9q34.3","Calcium voltage-gated channel alpha1 subunits"
"HGNC:1390","CACNA1C","calcium voltage-gated channel subunit alpha1 C","CCHL1A1,CACNL1A1","","12p13.33","Calcium voltage-gated channel alpha1 subunits"
"HGNC:1391","CACNA1D","calcium voltage-gated channel subunit alpha1 D","CCHL1A2,CACNL1A2","","3p21.1","Calcium voltage-gated channel alpha1 subunits"
"HGNC:1392","CACNA1E","calcium voltage-gated channel subunit alpha1 E","CACNL1A6","","1q25.3","Calcium voltage-gated channel alpha1 subunits"
"HGNC:1393","CACNA1F","calcium voltage-gated channel subunit alpha1 F","CSNB2,AIED","","Xp11.23","Calcium voltage-gated channel alpha1 subunits"
"HGNC:1394","CACNA1G","calcium voltage-gated channel subunit alpha1 G","","","17q21.33","Calcium voltage-gated channel alpha1 subunits"
"HGNC:1395","CACNA1H","calcium voltage-gated channel subunit alpha1 H","","","16p13.3","Calcium voltage-gated channel alpha1 subunits"
"HGNC:1396","CACNA1I","calcium voltage-gated channel subunit alpha1 I","","","22q13.1","Calcium voltage-gated channel alpha1 subunits"
"HGNC:1397","CACNA1S","calcium voltage-gated channel subunit alpha1 S","HOKPP,MHS5,CACNL1A3","","1q32.1","Calcium voltage-gated channel alpha1 subunits"
"HGNC:1399","CACNA2D1","calcium voltage-gated channel auxiliary subunit alpha2delta 1","CACNL2A,CACNA2,MHS3,LINC01112","","7q21.11","Calcium voltage-gated channel auxiliary alpha2delta subunits"
"HGNC:1400","CACNA2D2","calcium voltage-gated channel auxiliary subunit alpha2delta 2","","","3p21.31","Calcium voltage-gated channel auxiliary alpha2delta subunits"
"HGNC:15460","CACNA2D3","calcium voltage-gated channel auxiliary subunit alpha2delta 3","","","3p21.1-p14.3","Calcium voltage-gated channel auxiliary alpha2delta subunits"
"HGNC:20202","CACNA2D4","calcium voltage-gated channel auxiliary subunit alpha2delta 4","","","12p13.33","Calcium voltage-gated channel auxiliary alpha2delta subunits"
"HGNC:1401","CACNB1","calcium voltage-gated channel auxiliary subunit beta 1","CACNLB1","","17q12","Calcium voltage-gated channel auxiliary beta subunits"
"HGNC:1402","CACNB2","calcium voltage-gated channel auxiliary subunit beta 2","MYSB,CACNLB2","","10p12","Calcium voltage-gated channel auxiliary beta subunits"
"HGNC:1403","CACNB3","calcium voltage-gated channel auxiliary subunit beta 3","CACNLB3","","12q13.12","Calcium voltage-gated channel auxiliary beta subunits"
"HGNC:1404","CACNB4","calcium voltage-gated channel auxiliary subunit beta 4","","","2q23.3","Calcium voltage-gated channel auxiliary beta subunits"
"HGNC:20500","CATSPERB","cation channel sperm associated auxiliary subunit beta","C14orf161","","14q32.12","Cation channels sperm associated"
"HGNC:28598","CATSPERD","cation channel sperm associated auxiliary subunit delta","TMEM146","","19p13.3","Cation channels sperm associated"
"HGNC:25243","CATSPERG","cation channel sperm associated auxiliary subunit gamma","C19orf15","","19q13.2","Cation channels sperm associated"
"HGNC:17116","CATSPER1","cation channel sperm associated 1","","","11q13.1","Cation channels sperm associated"
"HGNC:18810","CATSPER2","cation channel sperm associated 2","","","15q15.3","Cation channels sperm associated"
"HGNC:20819","CATSPER3","cation channel sperm associated 3","","","5q31.1","Cation channels sperm associated"
"HGNC:23220","CATSPER4","cation channel sperm associated 4","","","1p36.11","Cation channels sperm associated"
"HGNC:1884","CFTR","CF transmembrane conductance regulator","CF,ABCC7","","7q31.2","Chloride channels, ATP-gated CFTR"
"HGNC:2062","CLIC1","chloride intracellular channel 1","","","6p21.33","Chloride intracellular channels"
"HGNC:2063","CLIC2","chloride intracellular channel 2","","","Xq28","Chloride intracellular channels"
"HGNC:2064","CLIC3","chloride intracellular channel 3","","","9q34.3","Chloride intracellular channels"
"HGNC:13518","CLIC4","chloride intracellular channel 4","","","1p36.11","Chloride intracellular channels"
"HGNC:13517","CLIC5","chloride intracellular channel 5","","","6p21.1","Chloride intracellular channels"
"HGNC:2065","CLIC6","chloride intracellular channel 6","CLIC1L","","21q22.12","Chloride intracellular channels"
"HGNC:2026","CLCNKA","chloride voltage-gated channel Ka","","","1p36.13","Chloride voltage-gated channels"
"HGNC:2027","CLCNKB","chloride voltage-gated channel Kb","","","1p36.13","Chloride voltage-gated channels"
"HGNC:16512","BSND","barttin CLCNK type accessory subunit beta","DFNB73","","1p32.3","Chloride voltage-gated channels"
"HGNC:2019","CLCN1","chloride voltage-gated channel 1","","","7q34","Chloride voltage-gated channels"
"HGNC:2020","CLCN2","chloride voltage-gated channel 2","","","3q27.1","Chloride voltage-gated channels"
"HGNC:2021","CLCN3","chloride voltage-gated channel 3","","","4q33","Chloride voltage-gated channels"
"HGNC:2022","CLCN4","chloride voltage-gated channel 4","","","Xp22.2","Chloride voltage-gated channels"
"HGNC:2023","CLCN5","chloride voltage-gated channel 5","NPHL2,NPHL1","","Xp11.23","Chloride voltage-gated channels"
"HGNC:2024","CLCN6","chloride voltage-gated channel 6","","","1p36.22","Chloride voltage-gated channels"
"HGNC:2025","CLCN7","chloride voltage-gated channel 7","","","16p13.3","Chloride voltage-gated channels"
"HGNC:1955","CHRNA1","cholinergic receptor nicotinic alpha 1 subunit","CHRNA","","2q31.1","Cholinergic receptors nicotinic subunits"
"HGNC:1956","CHRNA2","cholinergic receptor nicotinic alpha 2 subunit","","","8p21.2","Cholinergic receptors nicotinic subunits"
"HGNC:1957","CHRNA3","cholinergic receptor nicotinic alpha 3 subunit","","","15q25.1","Cholinergic receptors nicotinic subunits"
"HGNC:1958","CHRNA4","cholinergic receptor nicotinic alpha 4 subunit","EBN,EBN1","","20q13.33","Cholinergic receptors nicotinic subunits"
"HGNC:1959","CHRNA5","cholinergic receptor nicotinic alpha 5 subunit","","","15q25.1","Cholinergic receptors nicotinic subunits"
"HGNC:15963","CHRNA6","cholinergic receptor nicotinic alpha 6 subunit","","","8p11.21","Cholinergic receptors nicotinic subunits"
"HGNC:1960","CHRNA7","cholinergic receptor nicotinic alpha 7 subunit","","","15q13.3","Cholinergic receptors nicotinic subunits"
"HGNC:14079","CHRNA9","cholinergic receptor nicotinic alpha 9 subunit","","","4p14","Cholinergic receptors nicotinic subunits"
"HGNC:13800","CHRNA10","cholinergic receptor nicotinic alpha 10 subunit","","","11p15.4","Cholinergic receptors nicotinic subunits"
"HGNC:1961","CHRNB1","cholinergic receptor nicotinic beta 1 subunit","CHRNB","","17p13.1","Cholinergic receptors nicotinic subunits"
"HGNC:1962","CHRNB2","cholinergic receptor nicotinic beta 2 subunit","","","1q21.3","Cholinergic receptors nicotinic subunits"
"HGNC:1963","CHRNB3","cholinergic receptor nicotinic beta 3 subunit","","","8p11.21","Cholinergic receptors nicotinic subunits"
"HGNC:1964","CHRNB4","cholinergic receptor nicotinic beta 4 subunit","","","15q25.1","Cholinergic receptors nicotinic subunits"
"HGNC:1965","CHRND","cholinergic receptor nicotinic delta subunit","ACHRD","","2q37.1","Cholinergic receptors nicotinic subunits"
"HGNC:1966","CHRNE","cholinergic receptor nicotinic epsilon subunit","","","17p13.2","Cholinergic receptors nicotinic subunits"
"HGNC:1967","CHRNG","cholinergic receptor nicotinic gamma subunit","ACHRG","","2q37.1","Cholinergic receptors nicotinic subunits"
"HGNC:2148","CNGA1","cyclic nucleotide gated channel subunit alpha 1","CNCG1,CNCG","","4p12","Cyclic nucleotide gated channels"
"HGNC:2149","CNGA2","cyclic nucleotide gated channel subunit alpha 2","CNCA1,CNCA","","Xq28","Cyclic nucleotide gated channels"
"HGNC:2150","CNGA3","cyclic nucleotide gated channel subunit alpha 3","CNCG3,ACHM2","","2q11.2","Cyclic nucleotide gated channels"
"HGNC:2152","CNGA4","cyclic nucleotide gated channel subunit alpha 4","CNCA2,CNGB2","","11p15.4","Cyclic nucleotide gated channels"
"HGNC:2151","CNGB1","cyclic nucleotide gated channel subunit beta 1","CNCG2,CNCG3L","","16q21","Cyclic nucleotide gated channels"
"HGNC:2153","CNGB3","cyclic nucleotide gated channel subunit beta 3","ACHM3,ACHM1,RMCH","","8q21.3","Cyclic nucleotide gated channels"
"HGNC:4845","HCN1","hyperpolarization activated cyclic nucleotide gated potassium channel 1","BCNG1","","5p12","Cyclic nucleotide gated channels"
"HGNC:4846","HCN2","hyperpolarization activated cyclic nucleotide gated potassium and sodium channel 2","BCNG2","","19p13.3","Cyclic nucleotide gated channels"
"HGNC:19183","HCN3","hyperpolarization activated cyclic nucleotide gated potassium channel 3","","","1q22","Cyclic nucleotide gated channels"
"HGNC:16882","HCN4","hyperpolarization activated cyclic nucleotide gated potassium channel 4","","","15q24.1","Cyclic nucleotide gated channels"
"HGNC:4075","GABRA1","gamma-aminobutyric acid type A receptor subunit alpha1","","","5q34","Gamma-aminobutyric acid type A receptor subunits"
"HGNC:4076","GABRA2","gamma-aminobutyric acid type A receptor subunit alpha2","","","4p12","Gamma-aminobutyric acid type A receptor subunits"
"HGNC:4077","GABRA3","gamma-aminobutyric acid type A receptor subunit alpha3","","","Xq28","Gamma-aminobutyric acid type A receptor subunits"
"HGNC:4078","GABRA4","gamma-aminobutyric acid type A receptor subunit alpha4","","","4p12","Gamma-aminobutyric acid type A receptor subunits"
"HGNC:4079","GABRA5","gamma-aminobutyric acid type A receptor subunit alpha5","","","15q12","Gamma-aminobutyric acid type A receptor subunits"
"HGNC:4080","GABRA6","gamma-aminobutyric acid type A receptor subunit alpha6","","","5q34","Gamma-aminobutyric acid type A receptor subunits"
"HGNC:4081","GABRB1","gamma-aminobutyric acid type A receptor subunit beta1","","","4p12","Gamma-aminobutyric acid type A receptor subunits"
"HGNC:4082","GABRB2","gamma-aminobutyric acid type A receptor subunit beta2","","","5q34","Gamma-aminobutyric acid type A receptor subunits"
"HGNC:4083","GABRB3","gamma-aminobutyric acid type A receptor subunit beta3","","","15q12","Gamma-aminobutyric acid type A receptor subunits"
"HGNC:4084","GABRD","gamma-aminobutyric acid type A receptor subunit delta","","","1p36.33","Gamma-aminobutyric acid type A receptor subunits"
"HGNC:4085","GABRE","gamma-aminobutyric acid type A receptor subunit epsilon","","","Xq28","Gamma-aminobutyric acid type A receptor subunits"
"HGNC:4086","GABRG1","gamma-aminobutyric acid type A receptor subunit gamma1","","","4p12","Gamma-aminobutyric acid type A receptor subunits"
"HGNC:4087","GABRG2","gamma-aminobutyric acid type A receptor subunit gamma2","","","5q34","Gamma-aminobutyric acid type A receptor subunits"
"HGNC:4088","GABRG3","gamma-aminobutyric acid type A receptor subunit gamma3","","","15q12","Gamma-aminobutyric acid type A receptor subunits"
"HGNC:4089","GABRP","gamma-aminobutyric acid type A receptor subunit pi","","","5q35.1","Gamma-aminobutyric acid type A receptor subunits"
"HGNC:14454","GABRQ","gamma-aminobutyric acid type A receptor subunit theta","","","Xq28","Gamma-aminobutyric acid type A receptor subunits"
"HGNC:4090","GABRR1","gamma-aminobutyric acid type A receptor subunit rho1","","","6q15","Gamma-aminobutyric acid type A receptor subunits"
"HGNC:4091","GABRR2","gamma-aminobutyric acid type A receptor subunit rho2","","","6q15","Gamma-aminobutyric acid type A receptor subunits"
"HGNC:17969","GABRR3","gamma-aminobutyric acid type A receptor subunit rho3 (gene/pseudogene)","","","3q11.2","Gamma-aminobutyric acid type A receptor subunits"
"HGNC:4274","GJA1","gap junction protein alpha 1","ODDD,GJAL","","6q22.31","Gap junction proteins"
"HGNC:4277","GJA3","gap junction protein alpha 3","CZP3","","13q12.11","Gap junction proteins"
"HGNC:4278","GJA4","gap junction protein alpha 4","","","1p34.3","Gap junction proteins"
"HGNC:4279","GJA5","gap junction protein alpha 5","","","1q21.2","Gap junction proteins"
"HGNC:32542","GJA6P","gap junction protein alpha 6, pseudogene","","","Xp22.13","Gap junction proteins"
"HGNC:4281","GJA8","gap junction protein alpha 8","CAE1,CZP1,CAE","","1q21.2","Gap junction proteins"
"HGNC:19155","GJA9","gap junction protein alpha 9","GJA10","","1p34.3","Gap junction proteins"
"HGNC:16995","GJA10","gap junction protein alpha 10","","","6q15","Gap junction proteins"
"HGNC:4283","GJB1","gap junction protein beta 1","CMTX1,CMTX","","Xq13.1","Gap junction proteins"
"HGNC:4284","GJB2","gap junction protein beta 2","DFNB1,DFNA3","","13q12.11","Gap junction proteins"
"HGNC:4285","GJB3","gap junction protein beta 3","DFNA2,EKV","","1p34.3","Gap junction proteins"
"HGNC:4286","GJB4","gap junction protein beta 4","","","1p34.3","Gap junction proteins"
"HGNC:4287","GJB5","gap junction protein beta 5","","","1p34.3","Gap junction proteins"
"HGNC:4288","GJB6","gap junction protein beta 6","DFNA3,ED2","","13q12.11","Gap junction proteins"
"HGNC:16690","GJB7","gap junction protein beta 7","","","6q14.3-q15","Gap junction proteins"
"HGNC:4280","GJC1","gap junction protein gamma 1","GJA7","","17q21.31","Gap junction proteins"
"HGNC:17494","GJC2","gap junction protein gamma 2","GJA12","","1q42.13","Gap junction proteins"
"HGNC:17495","GJC3","gap junction protein gamma 3","GJE1","","7q22.1","Gap junction proteins"
"HGNC:19154","GJD2","gap junction protein delta 2","GJA9","","15q14","Gap junction proteins"
"HGNC:19147","GJD3","gap junction protein delta 3","GJC1","","17q21.2","Gap junction proteins"
"HGNC:23296","GJD4","gap junction protein delta 4","","","10p11.21","Gap junction proteins"
"HGNC:33251","GJE1","gap junction protein epsilon 1","","","6q24.1","Gap junction proteins"
"HGNC:4571","GRIA1","glutamate ionotropic receptor AMPA type subunit 1","GLUR1","","5q33.2","Glutamate ionotropic receptor AMPA type subunits"
"HGNC:4572","GRIA2","glutamate ionotropic receptor AMPA type subunit 2","GLUR2","","4q32.1","Glutamate ionotropic receptor AMPA type subunits"
"HGNC:4573","GRIA3","glutamate ionotropic receptor AMPA type subunit 3","GLUR3","","Xq25","Glutamate ionotropic receptor AMPA type subunits"
"HGNC:4574","GRIA4","glutamate ionotropic receptor AMPA type subunit 4","GLUR4","","11q22.3","Glutamate ionotropic receptor AMPA type subunits"
"HGNC:4575","GRID1","glutamate ionotropic receptor delta type subunit 1","","","10q23.1-q23.2","Glutamate ionotropic receptor delta type subunits"
"HGNC:4576","GRID2","glutamate ionotropic receptor delta type subunit 2","","","4q22.1-q22.2","Glutamate ionotropic receptor delta type subunits"
"HGNC:4579","GRIK1","glutamate ionotropic receptor kainate type subunit 1","GLUR5","","21q21.3","Glutamate ionotropic receptor kainate type subunits"
"HGNC:4580","GRIK2","glutamate ionotropic receptor kainate type subunit 2","GLUR6","","6q16.3","Glutamate ionotropic receptor kainate type subunits"
"HGNC:4581","GRIK3","glutamate ionotropic receptor kainate type subunit 3","","","1p34.3","Glutamate ionotropic receptor kainate type subunits"
"HGNC:4582","GRIK4","glutamate ionotropic receptor kainate type subunit 4","GRIK","","11q23.3","Glutamate ionotropic receptor kainate type subunits"
"HGNC:4583","GRIK5","glutamate ionotropic receptor kainate type subunit 5","GRIK2","","19q13.2","Glutamate ionotropic receptor kainate type subunits"
"HGNC:4584","GRIN1","glutamate ionotropic receptor NMDA type subunit 1","NMDAR1","","9q34.3","Glutamate ionotropic receptor NMDA type subunits"
"HGNC:4585","GRIN2A","glutamate ionotropic receptor NMDA type subunit 2A","NMDAR2A","","16p13.2","Glutamate ionotropic receptor NMDA type subunits"
"HGNC:4586","GRIN2B","glutamate ionotropic receptor NMDA type subunit 2B","NMDAR2B","","12p13.1","Glutamate ionotropic receptor NMDA type subunits"
"HGNC:4587","GRIN2C","glutamate ionotropic receptor NMDA type subunit 2C","NMDAR2C","","17q25.1","Glutamate ionotropic receptor NMDA type subunits"
"HGNC:4588","GRIN2D","glutamate ionotropic receptor NMDA type subunit 2D","NMDAR2D","","19q13.33","Glutamate ionotropic receptor NMDA type subunits"
"HGNC:16767","GRIN3A","glutamate ionotropic receptor NMDA type subunit 3A","","","9q31.1","Glutamate ionotropic receptor NMDA type subunits"
"HGNC:16768","GRIN3B","glutamate ionotropic receptor NMDA type subunit 3B","","","19p13.3","Glutamate ionotropic receptor NMDA type subunits"
"HGNC:4326","GLRA1","glycine receptor alpha 1","STHE","","5q33.1","Glycine receptors"
"HGNC:4327","GLRA2","glycine receptor alpha 2","GLR","","Xp22.2","Glycine receptors"
"HGNC:4328","GLRA3","glycine receptor alpha 3","","","4q34.1","Glycine receptors"
"HGNC:31715","GLRA4","glycine receptor alpha 4 (pseudogene)","","","Xq22.2","Glycine receptors"
"HGNC:4329","GLRB","glycine receptor beta","","","4q32.1","Glycine receptors"
"HGNC:28240","HVCN1","hydrogen voltage gated channel 1","","","12q24.11","Hydrogen voltage gated channels"
"HGNC:6180","ITPR1","inositol 1,4,5-trisphosphate receptor type 1","SCA15,SCA16,SCA29","","3p26.1","Inositol 1,4,5-triphosphate receptors"
"HGNC:6181","ITPR2","inositol 1,4,5-trisphosphate receptor type 2","","","12p11.23","Inositol 1,4,5-triphosphate receptors"
"HGNC:6182","ITPR3","inositol 1,4,5-trisphosphate receptor type 3","","","6p21.31","Inositol 1,4,5-triphosphate receptors"
"HGNC:6284","KCNMA1","potassium calcium-activated channel subfamily M alpha 1","SLO","","10q22.3","Potassium calcium-activated channels"
"HGNC:6290","KCNN1","potassium calcium-activated channel subfamily N member 1","","","19p13.11","Potassium calcium-activated channels"
"HGNC:6291","KCNN2","potassium calcium-activated channel subfamily N member 2","","","5q22.3","Potassium calcium-activated channels"
"HGNC:6292","KCNN3","potassium calcium-activated channel subfamily N member 3","","","1q21.3","Potassium calcium-activated channels"
"HGNC:6293","KCNN4","potassium calcium-activated channel subfamily N member 4","","","19q13.31","Potassium calcium-activated channels"
"HGNC:18867","KCNU1","potassium calcium-activated channel subfamily U member 1","","","8p11.23","Potassium calcium-activated channels"
"HGNC:6255","KCNJ1","potassium inwardly rectifying channel subfamily J member 1","","","11q24.3","Potassium inwardly rectifying channel subfamily J"
"HGNC:6263","KCNJ2","potassium inwardly rectifying channel subfamily J member 2","","","17q24.3","Potassium inwardly rectifying channel subfamily J"
"HGNC:6264","KCNJ3","potassium inwardly rectifying channel subfamily J member 3","","","2q24.1","Potassium inwardly rectifying channel subfamily J"
"HGNC:6265","KCNJ4","potassium inwardly rectifying channel subfamily J member 4","","","22q13.1","Potassium inwardly rectifying channel subfamily J"
"HGNC:6266","KCNJ5","potassium inwardly rectifying channel subfamily J member 5","","","11q24.3","Potassium inwardly rectifying channel subfamily J"
"HGNC:6267","KCNJ6","potassium inwardly rectifying channel subfamily J member 6","KCNJ7","","21q22.13","Potassium inwardly rectifying channel subfamily J"
"HGNC:6269","KCNJ8","potassium inwardly rectifying channel subfamily J member 8","","","12p12.1","Potassium inwardly rectifying channel subfamily J"
"HGNC:6270","KCNJ9","potassium inwardly rectifying channel subfamily J member 9","","","1q23.2","Potassium inwardly rectifying channel subfamily J"
"HGNC:6256","KCNJ10","potassium inwardly rectifying channel subfamily J member 10","","","1q23.2","Potassium inwardly rectifying channel subfamily J"
"HGNC:6257","KCNJ11","potassium inwardly rectifying channel subfamily J member 11","","","11p15.1","Potassium inwardly rectifying channel subfamily J"
"HGNC:6258","KCNJ12","potassium inwardly rectifying channel subfamily J member 12","KCNJN1","","17p11.2","Potassium inwardly rectifying channel subfamily J"
"HGNC:6259","KCNJ13","potassium inwardly rectifying channel subfamily J member 13","","","2q37.1","Potassium inwardly rectifying channel subfamily J"
"HGNC:6260","KCNJ14","potassium inwardly rectifying channel subfamily J member 14","","","19q13.33","Potassium inwardly rectifying channel subfamily J"
"HGNC:6261","KCNJ15","potassium inwardly rectifying channel subfamily J member 15","","","21q22.13-q22.2","Potassium inwardly rectifying channel subfamily J"
"HGNC:6262","KCNJ16","potassium inwardly rectifying channel subfamily J member 16","","","17q24.3","Potassium inwardly rectifying channel subfamily J"
"HGNC:39080","KCNJ18","potassium inwardly rectifying channel subfamily J member 18","","","17p11.2","Potassium inwardly rectifying channel subfamily J"
"HGNC:18865","KCNT1","potassium sodium-activated channel subfamily T member 1","","","9q34.3","Potassium sodium-activated channel subfamily T"
"HGNC:18866","KCNT2","potassium sodium-activated channel subfamily T member 2","","","1q31.3","Potassium sodium-activated channel subfamily T"
"HGNC:6272","KCNK1","potassium two pore domain channel subfamily K member 1","","","1q42.2","Potassium two pore domain channel subfamily K"
"HGNC:6277","KCNK2","potassium two pore domain channel subfamily K member 2","","","1q41","Potassium two pore domain channel subfamily K"
"HGNC:6278","KCNK3","potassium two pore domain channel subfamily K member 3","","","2p23.3","Potassium two pore domain channel subfamily K"
"HGNC:6279","KCNK4","potassium two pore domain channel subfamily K member 4","","","11q13.1","Potassium two pore domain channel subfamily K"
"HGNC:6280","KCNK5","potassium two pore domain channel subfamily K member 5","","","6p21.2","Potassium two pore domain channel subfamily K"
"HGNC:6281","KCNK6","potassium two pore domain channel subfamily K member 6","","","19q13.2","Potassium two pore domain channel subfamily K"
"HGNC:6282","KCNK7","potassium two pore domain channel subfamily K member 7","","","11q13.1","Potassium two pore domain channel subfamily K"
"HGNC:6283","KCNK9","potassium two pore domain channel subfamily K member 9","","","8q24.3","Potassium two pore domain channel subfamily K"
"HGNC:6273","KCNK10","potassium two pore domain channel subfamily K member 10","","","14q31.3","Potassium two pore domain channel subfamily K"
"HGNC:6274","KCNK12","potassium two pore domain channel subfamily K member 12","","","2p16.3","Potassium two pore domain channel subfamily K"
"HGNC:6275","KCNK13","potassium two pore domain channel subfamily K member 13","","","14q32.11","Potassium two pore domain channel subfamily K"
"HGNC:13814","KCNK15","potassium two pore domain channel subfamily K member 15","KCNK11,KCNK14","","20q13.12","Potassium two pore domain channel subfamily K"
"HGNC:14464","KCNK16","potassium two pore domain channel subfamily K member 16","","","6p21.2","Potassium two pore domain channel subfamily K"
"HGNC:14465","KCNK17","potassium two pore domain channel subfamily K member 17","","","6p21.2","Potassium two pore domain channel subfamily K"
"HGNC:19439","KCNK18","potassium two pore domain channel subfamily K member 18","","","10q25.3","Potassium two pore domain channel subfamily K"
"HGNC:6218","KCNA1","potassium voltage-gated channel subfamily A member 1","AEMK","","12p13.32","Potassium voltage-gated channels"
"HGNC:6220","KCNA2","potassium voltage-gated channel subfamily A member 2","","","1p13.3","Potassium voltage-gated channels"
"HGNC:6221","KCNA3","potassium voltage-gated channel subfamily A member 3","","","1p13.3","Potassium voltage-gated channels"
"HGNC:6222","KCNA4","potassium voltage-gated channel subfamily A member 4","KCNA4L","","11p14.1","Potassium voltage-gated channels"
"HGNC:6224","KCNA5","potassium voltage-gated channel subfamily A member 5","","","12p13.32","Potassium voltage-gated channels"
"HGNC:6225","KCNA6","potassium voltage-gated channel subfamily A member 6","","","12p13.32","Potassium voltage-gated channels"
"HGNC:6226","KCNA7","potassium voltage-gated channel subfamily A member 7","","","19q13.33","Potassium voltage-gated channels"
"HGNC:6219","KCNA10","potassium voltage-gated channel subfamily A member 10","","","1p13.3","Potassium voltage-gated channels"
"HGNC:6231","KCNB1","potassium voltage-gated channel subfamily B member 1","","","20q13.13","Potassium voltage-gated channels"
"HGNC:6232","KCNB2","potassium voltage-gated channel subfamily B member 2","","","8q21.11","Potassium voltage-gated channels"
"HGNC:6233","KCNC1","potassium voltage-gated channel subfamily C member 1","","","11p15.1","Potassium voltage-gated channels"
"HGNC:6234","KCNC2","potassium voltage-gated channel subfamily C member 2","","","12q21.1","Potassium voltage-gated channels"
"HGNC:6235","KCNC3","potassium voltage-gated channel subfamily C member 3","SCA13","","19q13.33","Potassium voltage-gated channels"
"HGNC:6236","KCNC4","potassium voltage-gated channel subfamily C member 4","C1orf30","","1p13.3","Potassium voltage-gated channels"
"HGNC:6237","KCND1","potassium voltage-gated channel subfamily D member 1","","","Xp11.23","Potassium voltage-gated channels"
"HGNC:6238","KCND2","potassium voltage-gated channel subfamily D member 2","","","7q31.31","Potassium voltage-gated channels"
"HGNC:6239","KCND3","potassium voltage-gated channel subfamily D member 3","SCA22,SCA19","","1p13.2","Potassium voltage-gated channels"
"HGNC:6246","KCNF1","potassium voltage-gated channel modifier subfamily F member 1","KCNF","","2p25.1","Potassium voltage-gated channels"
"HGNC:6248","KCNG1","potassium voltage-gated channel modifier subfamily G member 1","KCNG","","20q13.13","Potassium voltage-gated channels"
"HGNC:6249","KCNG2","potassium voltage-gated channel modifier subfamily G member 2","","","18q23","Potassium voltage-gated channels"
"HGNC:18306","KCNG3","potassium voltage-gated channel modifier subfamily G member 3","","","2p21","Potassium voltage-gated channels"
"HGNC:19697","KCNG4","potassium voltage-gated channel modifier subfamily G member 4","","","16q24.1","Potassium voltage-gated channels"
"HGNC:6250","KCNH1","potassium voltage-gated channel subfamily H member 1","","","1q32.2","Potassium voltage-gated channels"
"HGNC:6251","KCNH2","potassium voltage-gated channel subfamily H member 2","LQT2","","7q36.1","Potassium voltage-gated channels"
"HGNC:6252","KCNH3","potassium voltage-gated channel subfamily H member 3","","","12q13.12","Potassium voltage-gated channels"
"HGNC:6253","KCNH4","potassium voltage-gated channel subfamily H member 4","","","17q21.2","Potassium voltage-gated channels"
"HGNC:6254","KCNH5","potassium voltage-gated channel subfamily H member 5","","","14q23.2","Potassium voltage-gated channels"
"HGNC:18862","KCNH6","potassium voltage-gated channel subfamily H member 6","","","17q23.3","Potassium voltage-gated channels"
"HGNC:18863","KCNH7","potassium voltage-gated channel subfamily H member 7","","","2q24.2","Potassium voltage-gated channels"
"HGNC:18864","KCNH8","potassium voltage-gated channel subfamily H member 8","","","3p24.3","Potassium voltage-gated channels"
"HGNC:6294","KCNQ1","potassium voltage-gated channel subfamily Q member 1","LQT,KCNA9","","11p15.5-p15.4","Potassium voltage-gated channels"
"HGNC:6296","KCNQ2","potassium voltage-gated channel subfamily Q member 2","EBN,EBN1","","20q13.33","Potassium voltage-gated channels"
"HGNC:6297","KCNQ3","potassium voltage-gated channel subfamily Q member 3","EBN2","","8q24.22","Potassium voltage-gated channels"
"HGNC:6298","KCNQ4","potassium voltage-gated channel subfamily Q member 4","DFNA2","","1p34.2","Potassium voltage-gated channels"
"HGNC:6299","KCNQ5","potassium voltage-gated channel subfamily Q member 5","","","6q13","Potassium voltage-gated channels"
"HGNC:6300","KCNS1","potassium voltage-gated channel modifier subfamily S member 1","","","20q13.12","Potassium voltage-gated channels"
"HGNC:6301","KCNS2","potassium voltage-gated channel modifier subfamily S member 2","","","8q22.2","Potassium voltage-gated channels"
"HGNC:6302","KCNS3","potassium voltage-gated channel modifier subfamily S member 3","","","2p24.2","Potassium voltage-gated channels"
"HGNC:18861","KCNV1","potassium voltage-gated channel modifier subfamily V member 1","","","8q23.2","Potassium voltage-gated channels"
"HGNC:19698","KCNV2","potassium voltage-gated channel modifier subfamily V member 2","","","9p24.2","Potassium voltage-gated channels"
"HGNC:8533","P2RX1","purinergic receptor P2X 1","","","17p13.2","Purinergic receptors P2X"
"HGNC:15459","P2RX2","purinergic receptor P2X 2","DFNA41","","12q24.33","Purinergic receptors P2X"
"HGNC:8534","P2RX3","purinergic receptor P2X 3","","","11q12.1","Purinergic receptors P2X"
"HGNC:8535","P2RX4","purinergic receptor P2X 4","","","12q24.31","Purinergic receptors P2X"
"HGNC:8536","P2RX5","purinergic receptor P2X 5","","","17p13.2","Purinergic receptors P2X"
"HGNC:8538","P2RX6","purinergic receptor P2X 6","P2RXL1","","22q11.21","Purinergic receptors P2X"
"HGNC:8537","P2RX7","purinergic receptor P2X 7","","","12q24.31","Purinergic receptors P2X"
"HGNC:10483","RYR1","ryanodine receptor 1","MHS,MHS1,CCO","","19q13.2","Ryanodine receptors"
"HGNC:10484","RYR2","ryanodine receptor 2","ARVD2","","1q43","Ryanodine receptors"
"HGNC:10485","RYR3","ryanodine receptor 3","","","15q13.3-q14","Ryanodine receptors"
"HGNC:10599","SCNN1A","sodium channel epithelial 1 subunit alpha","SCNN1","","12p13","Sodium channels epithelial"
"HGNC:10600","SCNN1B","sodium channel epithelial 1 subunit beta","","","16p12.2-p12.1","Sodium channels epithelial"
"HGNC:10601","SCNN1D","sodium channel epithelial 1 subunit delta","","","1p36.33","Sodium channels epithelial"
"HGNC:10602","SCNN1G","sodium channel epithelial 1 subunit gamma","","","16p12.2","Sodium channels epithelial"
"HGNC:19082","NALCN","sodium leak channel, non-selective","VGCNL1","","13q32.3-q33.1","Sodium leak channels, non selective"
"HGNC:10585","SCN1A","sodium voltage-gated channel alpha subunit 1","SCN1,FEB3","","2q24.3","Sodium voltage-gated channel alpha subunits"
"HGNC:10588","SCN2A","sodium voltage-gated channel alpha subunit 2","SCN2A1,SCN2A2","","2q24.3","Sodium voltage-gated channel alpha subunits"
"HGNC:10590","SCN3A","sodium voltage-gated channel alpha subunit 3","","","2q24.3","Sodium voltage-gated channel alpha subunits"
"HGNC:10591","SCN4A","sodium voltage-gated channel alpha subunit 4","HYKPP","","17q23.3","Sodium voltage-gated channel alpha subunits"
"HGNC:10593","SCN5A","sodium voltage-gated channel alpha subunit 5","CMD1E","","3p22.2","Sodium voltage-gated channel alpha subunits"
"HGNC:10596","SCN8A","sodium voltage-gated channel alpha subunit 8","MED","","12q13.13","Sodium voltage-gated channel alpha subunits"
"HGNC:10597","SCN9A","sodium voltage-gated channel alpha subunit 9","","","2q24.3","Sodium voltage-gated channel alpha subunits"
"HGNC:10582","SCN10A","sodium voltage-gated channel alpha subunit 10","","","3p22.2","Sodium voltage-gated channel alpha subunits"
"HGNC:10583","SCN11A","sodium voltage-gated channel alpha subunit 11","SCN12A","","3p22.2","Sodium voltage-gated channel alpha subunits"
"HGNC:10586","SCN1B","sodium voltage-gated channel beta subunit 1","","","19q13.11","Sodium voltage-gated channel beta subunits"
"HGNC:10589","SCN2B","sodium voltage-gated channel beta subunit 2","","","11q23.3","Sodium voltage-gated channel beta subunits"
"HGNC:20665","SCN3B","sodium voltage-gated channel beta subunit 3","","","11q24.1","Sodium voltage-gated channel beta subunits"
"HGNC:10592","SCN4B","sodium voltage-gated channel beta subunit 4","","","11q23.3","Sodium voltage-gated channel beta subunits"
"HGNC:497","TRPA1","transient receptor potential cation channel subfamily A member 1","ANKTM1","","8q21.11","Transient receptor potential cation channels"
"HGNC:12333","TRPC1","transient receptor potential cation channel subfamily C member 1","","","3q23","Transient receptor potential cation channels"
"HGNC:12334","TRPC2","transient receptor potential cation channel subfamily C member 2 (pseudogene)","","","11p15.4","Transient receptor potential cation channels"
"HGNC:12335","TRPC3","transient receptor potential cation channel subfamily C member 3","","","4q27","Transient receptor potential cation channels"
"HGNC:12336","TRPC4","transient receptor potential cation channel subfamily C member 4","","","13q13.3","Transient receptor potential cation channels"
"HGNC:12337","TRPC5","transient receptor potential cation channel subfamily C member 5","","","Xq23","Transient receptor potential cation channels"
"HGNC:12338","TRPC6","transient receptor potential cation channel subfamily C member 6","FSGS2","","11q22.1","Transient receptor potential cation channels"
"HGNC:20754","TRPC7","transient receptor potential cation channel subfamily C member 7","","","5q31.1","Transient receptor potential cation channels"
"HGNC:13356","MCOLN1","mucolipin 1","","","19p13.2","Transient receptor potential cation channels"
"HGNC:13357","MCOLN2","mucolipin 2","","","1p22.3","Transient receptor potential cation channels"
"HGNC:13358","MCOLN3","mucolipin 3","","","1p22.3","Transient receptor potential cation channels"
"HGNC:7146","TRPM1","transient receptor potential cation channel subfamily M member 1","MLSN1","","15q13.3","Transient receptor potential cation channels"
"HGNC:12339","TRPM2","transient receptor potential cation channel subfamily M member 2","TRPC7","","21q22.3","Transient receptor potential cation channels"
"HGNC:17992","TRPM3","transient receptor potential cation channel subfamily M member 3","","","9q21.12-q21.13","Transient receptor potential cation channels"
"HGNC:17993","TRPM4","transient receptor potential cation channel subfamily M member 4","","","19q13.33","Transient receptor potential cation channels"
"HGNC:14323","TRPM5","transient receptor potential cation channel subfamily M member 5","","","11p15.5","Transient receptor potential cation channels"
"HGNC:17995","TRPM6","transient receptor potential cation channel subfamily M member 6","HOMG,HSH","","9q21.13","Transient receptor potential cation channels"
"HGNC:17994","TRPM7","transient receptor potential cation channel subfamily M member 7","","","15q21.2","Transient receptor potential cation channels"
"HGNC:17961","TRPM8","transient receptor potential cation channel subfamily M member 8","","","2q37.1","Transient receptor potential cation channels"
"HGNC:9009","PKD2","polycystin 2, transient receptor potential cation channel","","","4q22.1","Transient receptor potential cation channels"
"HGNC:9011","PKD2L1","polycystin 2 like 1, transient receptor potential cation channel","PKD2L,PKDL","","10q24.31","Transient receptor potential cation channels"
"HGNC:9012","PKD2L2","polycystin 2 like 2, transient receptor potential cation channel","","","5q31.2","Transient receptor potential cation channels"
"HGNC:12716","TRPV1","transient receptor potential cation channel subfamily V member 1","VR1","","17p13.2","Transient receptor potential cation channels"
"HGNC:18082","TRPV2","transient receptor potential cation channel subfamily V member 2","","","17p11.2","Transient receptor potential cation channels"
"HGNC:18084","TRPV3","transient receptor potential cation channel subfamily V member 3","","","17p13.2","Transient receptor potential cation channels"
"HGNC:18083","TRPV4","transient receptor potential cation channel subfamily V member 4","","","12q24.11","Transient receptor potential cation channels"
"HGNC:3145","TRPV5","transient receptor potential cation channel subfamily V member 5","ECAC1","","7q34","Transient receptor potential cation channels"
"HGNC:14006","TRPV6","transient receptor potential cation channel subfamily V member 6","ECAC2","","7q34","Transient receptor potential cation channels"
"HGNC:18182","TPCN1","two pore segment channel 1","","","12q24.13","Two pore segment channels"
"HGNC:20820","TPCN2","two pore segment channel 2","","","11q13.3","Two pore segment channels"
"HGNC:12669","VDAC1","voltage dependent anion channel 1","","","5q31.1","Voltage dependent anion channels"
"HGNC:12672","VDAC2","voltage dependent anion channel 2","","","10q22.2","Voltage dependent anion channels"
"HGNC:12674","VDAC3","voltage dependent anion channel 3","","","8p11.21","Voltage dependent anion channels"
"HGNC:19027","LRRC8A","leucine rich repeat containing 8 VRAC subunit A","LRRC8","","9q34.11","Volume regulated anion channel subunits"
"HGNC:30692","LRRC8B","leucine rich repeat containing 8 VRAC subunit B","","","1p22.2","Volume regulated anion channel subunits"
"HGNC:25075","LRRC8C","leucine rich repeat containing 8 VRAC subunit C","","","1p22.2","Volume regulated anion channel subunits"
"HGNC:16992","LRRC8D","leucine rich repeat containing 8 VRAC subunit D","LRRC5","","1p22.2","Volume regulated anion channel subunits"
"HGNC:26272","LRRC8E","leucine rich repeat containing 8 VRAC subunit E","","","19p13.2","Volume regulated anion channel subunits"
"HGNC:29504","ZACN","zinc activated ion channel","LGICZ1","","17q25.1","Zinc activated channels"
