,t-SNE position x,t-SNE position y,Which t-SNE
20171204_sample_2,-43.57,35.26,Excitatory
20171204_sample_4,-9.3,27.95,Excitatory
20171204_sample_5,0.41,22.18,Excitatory
20171204_sample_6,-44.93,37.13,Excitatory
20171207_sample_1,-42.05,35.22,Excitatory
20171207_sample_2,-41.93,35.6,Excitatory
20171207_sample_6,-5.22,18.62,Excitatory
20171207_sample_7,0.92,24.14,Excitatory
20171219_sample_1,-1.6,-11.52,Excitatory
20171219_sample_2,0.34,23.19,Excitatory
20171219_sample_3,-4.39,-16.64,Excitatory
20171219_sample_4,-42.21,35.37,Excitatory
20171219_sample_6,-42.69,37.84,Excitatory
20171219_sample_7,-2.43,1.59,Excitatory
20171219_sample_8,-42.68,35.36,Excitatory
20180102_sample_1,-42.85,34.93,Excitatory
20180102_sample_2,-1.31,25.03,Excitatory
20180102_sample_3,-42.97,35.24,Excitatory
20180102_sample_4,-41.93,35.5,Excitatory
20180102_sample_5,-3.22,-16.36,Excitatory
20180103_sample_1,2.36,-7.12,Excitatory
20180103_sample_2,-42.6,35.26,Excitatory
20180103_sample_3,-43.64,35.24,Excitatory
20180103_sample_4,,,           
20180103_sample_5,0.85,20.97,Excitatory
20180103_sample_6,-2.97,12.57,Excitatory
20180103_sample_7,-5.17,11.41,Excitatory
20180103_sample_8,-0.07,25.0,Excitatory
20180104_sample_1,,,           
20180104_sample_2,-3.67,28.99,Excitatory
20180104_sample_3,-2.68,-10.0,Excitatory
20180104_sample_4,,,           
20180104_sample_6,-43.7,37.35,Excitatory
20180105_sample_4,-1.17,24.5,Excitatory
20180105_sample_5,-7.95,12.5,Excitatory
20180105_sample_6,-0.0,23.48,Excitatory
20180108_sample_1,-5.58,12.42,Excitatory
20180108_sample_2,,,           
20180108_sample_3,0.77,21.99,Excitatory
20180108_sample_4,-44.74,4.53,Excitatory
20180108_sample_5,-43.1,37.74,Excitatory
20180108_sample_7,-5.73,10.67,Excitatory
20180108_sample_8,-42.5,35.04,Excitatory
20180108_sample_9,-2.85,24.12,Excitatory
20180108_sample_10,-42.47,35.28,Excitatory
20180109_sample_1,-1.53,23.76,Excitatory
20180109_sample_2,-0.8,24.82,Excitatory
20180109_sample_5,-7.95,27.54,Excitatory
20180110_sample_1,2.71,25.25,Excitatory
20180110_sample_2,-6.42,24.25,Excitatory
20180110_sample_3,-11.1,19.39,Excitatory
20180110_sample_4,-1.98,21.54,Excitatory
20180110_sample_5,-5.53,27.28,Excitatory
20180110_sample_7,1.28,24.97,Excitatory
20180110_sample_8,-44.92,36.89,Excitatory
20180111_sample_5,-7.89,31.3,Excitatory
20180115_sample_2,-4.71,-15.1,Excitatory
20180115_sample_5,-2.46,12.02,Excitatory
20180115_sample_6,,,           
20180115_sample_7,-6.95,26.76,Excitatory
20180115_sample_8,-5.15,3.44,Excitatory
20180115_sample_9,-1.27,25.69,Excitatory
20180118_sample_1,1.04,23.91,Excitatory
20180118_sample_2,-4.81,19.36,Excitatory
20180118_sample_4,-5.6,20.12,Excitatory
20180118_sample_6,-3.15,21.06,Excitatory
20180118_sample_7,-42.34,35.23,Excitatory
20180118_sample_10,-44.91,37.03,Excitatory
20180123_sample_1,-42.49,35.23,Excitatory
20180123_sample_3,-42.17,35.37,Excitatory
20180123_sample_5,-43.53,35.58,Excitatory
20180123_sample_6,-42.09,35.24,Excitatory
20180123_sample_7,-44.9,37.03,Excitatory
20180208_sample_1,,,           
20180208_sample_2,-43.29,35.21,Excitatory
20180208_sample_3,-42.71,35.24,Excitatory
20180208_sample_4,-8.65,27.4,Excitatory
20180208_sample_5,-7.77,26.49,Excitatory
20180213_sample_3,-42.7,37.67,Excitatory
20180213_sample_5,-49.03,-34.93,Pvalb/Sst
20180215_sample_1,-51.46,8.97,Pvalb/Sst
20180220_sample_1,6.19,-8.44,Pvalb/Sst
20180220_sample_2,1.79,-4.51,Excitatory
20180225_sample_1,43.98,21.52,Excitatory
20180225_sample_2,42.26,23.09,Excitatory
20180225_sample_3,28.76,-25.64,Excitatory
20180225_sample_4,-4.49,12.39,Excitatory
20180225_sample_5,-43.12,37.85,Excitatory
20180225_sample_7,-44.6,11.89,Pvalb/Sst
20180228_sample_3,25.41,27.94,Excitatory
20180306_sample_1,-61.63,15.26,Pvalb/Sst
20180306_sample_2,45.64,10.11,Excitatory
20180306_sample_3,26.91,20.8,Excitatory
20180306_sample_5,40.55,17.26,Excitatory
20180309_sample_4,-0.0,2.76,Excitatory
20180309_sample_6,-2.78,2.45,Excitatory
20180309_sample_7,-1.0,-17.68,Excitatory
20180309_sample_8,40.45,21.26,Excitatory
20180313_sample_1,,,           
20180313_sample_2,-43.49,35.25,Excitatory
20180313_sample_3,-42.23,35.34,Excitatory
20180313_sample_7,25.88,24.18,Excitatory
20180313_sample_8,,,           
20180313_sample_9,-41.02,20.99,Pvalb/Sst
20180315_sample_1,-43.06,37.85,Excitatory
20180315_sample_2,,,           
20180315_sample_5,39.7,16.34,Excitatory
20180315_sample_6,43.23,13.68,Excitatory
20180321_sample_2,-8.15,14.97,Excitatory
20180321_sample_3,1.79,-4.51,Excitatory
20180321_sample_4,43.98,21.52,Excitatory
20180321_sample_8,-42.52,34.91,Excitatory
20180321_sample_9,-42.33,35.22,Excitatory
20180322_sample_1,39.92,18.51,Excitatory
20180322_sample_2,33.81,34.55,Excitatory
20180322_sample_3,-2.02,-16.68,Excitatory
20180322_sample_4,-4.46,-16.45,Excitatory
20180322_sample_5,-5.12,11.06,Excitatory
20180322_sample_6,-42.56,35.19,Excitatory
20180322_sample_7,-44.94,37.11,Excitatory
20180327_sample_1,-27.47,25.93,Pvalb/Sst
20180327_sample_2,-46.98,-33.68,Pvalb/Sst
20180327_sample_3,0.62,22.21,Excitatory
20180327_sample_4,-25.54,-4.42,Pvalb/Sst
20180327_sample_5,-50.33,-34.37,Pvalb/Sst
20180327_sample_6,-3.24,-19.86,Excitatory
20180329_sample_1,-3.99,-3.34,Excitatory
20180329_sample_2,-8.69,29.12,Excitatory
20180329_sample_3,0.85,22.32,Excitatory
20180329_sample_4,-43.6,35.24,Excitatory
20180329_sample_5,40.03,18.51,Excitatory
20180329_sample_6,0.77,25.73,Excitatory
20180329_sample_7,,,           
20180329_sample_8,-3.85,-20.03,Excitatory
20180403_sample_5,-0.88,12.3,Excitatory
20180403_sample_6,-42.0,35.4,Excitatory
20180403_sample_7,-1.59,7.46,Excitatory
20180404_sample_1,-46.9,20.51,Pvalb/Sst
20180404_sample_2,-47.24,19.96,Pvalb/Sst
20180404_sample_3,10.55,-11.16,Excitatory
20180404_sample_4,-26.8,24.78,Pvalb/Sst
20180404_sample_5,-7.92,-22.91,Pvalb/Sst
20180404_sample_7,35.6,23.38,Excitatory
20180405_sample_1,-42.69,34.99,Excitatory
20180405_sample_2,-3.56,-17.39,Excitatory
20180405_sample_3,25.45,-41.28,Excitatory
20180410_sample_1,-36.41,24.17,Pvalb/Sst
20180410_sample_3,40.82,18.24,Excitatory
20180410_sample_4,24.27,27.94,Excitatory
20180410_sample_5,37.34,6.68,Excitatory
20180410_sample_6,24.17,26.9,Excitatory
20180410_sample_9,-29.75,21.23,Pvalb/Sst
20180411_sample_1,33.24,22.84,Excitatory
20180411_sample_3,-1.71,22.36,Excitatory
20180411_sample_4,-30.75,14.39,Pvalb/Sst
20180411_sample_5,-60.67,18.36,Pvalb/Sst
20180412_sample_1,-5.57,6.91,Excitatory
20180412_sample_2,-24.19,18.16,Pvalb/Sst
20180412_sample_3,-2.53,-16.14,Excitatory
20180412_sample_4,41.19,18.26,Excitatory
20180412_sample_7,-2.35,-2.88,Excitatory
20180413_sample_2,-38.29,23.51,Pvalb/Sst
20180413_sample_3,-51.09,22.33,Pvalb/Sst
20180413_sample_4,40.61,18.02,Excitatory
20180417_sample_1,-26.64,34.0,Lamp5/Vip
20180417_sample_2,-24.11,17.78,Pvalb/Sst
20180417_sample_3,-2.52,-16.36,Excitatory
20180417_sample_4,-27.81,28.32,Pvalb/Sst
20180417_sample_5,40.49,20.56,Excitatory
20180417_sample_6,38.27,16.8,Excitatory
20180417_sample_7,-33.04,24.04,Pvalb/Sst
20180417_sample_8,19.72,30.86,Pvalb/Sst
20180417_sample_9,41.27,18.17,Excitatory
20180418_sample_1,-30.48,29.11,Pvalb/Sst
20180418_sample_2,-51.63,17.54,Pvalb/Sst
20180418_sample_3,-43.82,20.32,Pvalb/Sst
20180418_sample_5,-3.24,22.86,Excitatory
20180418_sample_6,39.86,10.88,Excitatory
20180420_sample_2,,,           
20180420_sample_3,34.1,5.78,Excitatory
20180420_sample_4,46.3,17.86,Excitatory
20180424_sample_1,49.31,-6.71,Excitatory
20180424_sample_2,41.78,16.88,Excitatory
20180424_sample_3,37.41,24.63,Excitatory
20180424_sample_6,25.64,24.13,Excitatory
20180425_sample_2,39.31,20.24,Excitatory
20180425_sample_3,-26.5,32.67,Pvalb/Sst
20180425_sample_4,40.85,18.5,Excitatory
20180425_sample_5,,,           
20180425_sample_7,-30.19,19.38,Pvalb/Sst
20180425_sample_8,-29.26,35.54,Lamp5/Vip
20180425_sample_9,40.06,18.69,Excitatory
20180426_sample_1,2.36,-11.06,Excitatory
20180426_sample_3,40.28,21.63,Excitatory
20180426_sample_4,40.04,14.8,Excitatory
20180426_sample_5,-47.79,24.11,Pvalb/Sst
20180426_sample_7,-4.04,-21.72,Excitatory
20180426_sample_9,-28.05,27.25,Pvalb/Sst
20180501_sample_2,41.95,17.12,Excitatory
20180501_sample_3,40.18,19.12,Excitatory
20180501_sample_4,26.36,22.13,Excitatory
20180501_sample_5,29.12,16.81,Excitatory
20180501_sample_6,,,           
20180501_sample_7,,,           
20180501_sample_8,36.61,4.87,Lamp5/Vip
20180502_sample_1,,,           
20180502_sample_2,,,           
20180502_sample_3,-4.35,-20.17,Excitatory
20180502_sample_4,38.45,14.78,Excitatory
20180508_sample_1,-29.12,14.75,Pvalb/Sst
20180508_sample_2,1.05,22.41,Excitatory
20180508_sample_3,39.61,15.08,Excitatory
20180508_sample_4,37.84,20.92,Excitatory
20180509_sample_1,,,           
20180509_sample_2,36.09,26.04,Excitatory
20180509_sample_3,40.58,18.3,Excitatory
20180509_sample_4,43.42,17.03,Excitatory
20180509_sample_5,40.41,21.39,Excitatory
20180509_sample_7,-5.72,9.56,Excitatory
20180509_sample_9,36.27,27.22,Excitatory
20180510_sample_2,-63.14,17.04,Pvalb/Sst
20180510_sample_3,41.61,20.87,Excitatory
20180510_sample_4,40.26,20.76,Excitatory
20180510_sample_5,-2.99,-2.24,Excitatory
20180510_sample_9,14.15,-11.73,Excitatory
20180515_sample_1,-43.25,20.47,Pvalb/Sst
20180515_sample_6,-48.41,-1.28,Pvalb/Sst
20180522_sample_1,42.35,16.39,Excitatory
20180522_sample_2,40.61,20.46,Excitatory
20180522_sample_3,-2.43,-17.39,Excitatory
20180522_sample_4,-0.88,22.71,Excitatory
20180522_sample_5,-30.36,14.87,Pvalb/Sst
20180522_sample_6,-43.31,35.68,Excitatory
20180522_sample_7,40.37,19.13,Excitatory
20180524_sample_5,,,           
20180524_sample_8,2.51,-14.89,Excitatory
20180524_sample_9,-41.66,-29.81,Pvalb/Sst
20180529_sample_3,50.69,-9.82,Excitatory
20180608_sample_1,12.67,56.96,Lamp5/Vip
20180608_sample_2,-45.62,-35.22,Pvalb/Sst
20180608_sample_3,-6.34,15.51,Excitatory
20180608_sample_5,-8.51,-24.38,Pvalb/Sst
20180619_sample_3,-25.46,26.05,Pvalb/Sst
20180619_sample_5,28.06,25.22,Excitatory
20180619_sample_7,35.78,23.5,Lamp5/Vip
20180621_sample_1,29.59,25.34,Excitatory
20180621_sample_2,33.63,40.86,Excitatory
20180621_sample_3,,,           
20180621_sample_4,40.66,22.17,Excitatory
20180621_sample_5,-41.11,16.63,Lamp5/Vip
20180621_sample_7,-25.91,22.35,Pvalb/Sst
20180621_sample_8,-43.82,20.83,Pvalb/Sst
20180628_sample_2,-57.84,15.92,Pvalb/Sst
20180628_sample_3,-30.49,14.76,Pvalb/Sst
20180628_sample_4,,,           
20180628_sample_6,-33.61,20.38,Pvalb/Sst
20180628_sample_7,-9.89,42.28,Lamp5/Vip
20180703_sample_1,-28.95,27.3,Pvalb/Sst
20180703_sample_2,2.19,19.63,Excitatory
20180703_sample_3,,,           
20180704_sample_1,-34.25,21.94,Pvalb/Sst
20180704_sample_2,-35.19,24.35,Pvalb/Sst
20180704_sample_3,-43.82,20.73,Pvalb/Sst
20180704_sample_4,-49.75,7.67,Excitatory
20180704_sample_5,-42.85,21.7,Pvalb/Sst
20180705_sample_1,-21.25,-10.69,Pvalb/Sst
20180705_sample_4,-44.98,-32.53,Pvalb/Sst
20180709_sample_2,40.45,19.48,Excitatory
20180709_sample_3,42.61,-10.5,Lamp5/Vip
20180709_sample_4,41.73,19.5,Excitatory
20180709_sample_6,-5.72,-12.7,Excitatory
20180710_sample_1,-60.2,16.06,Pvalb/Sst
20180710_sample_2,-24.38,18.34,Pvalb/Sst
20180710_sample_3,-27.92,23.73,Pvalb/Sst
20180710_sample_5,-30.28,28.92,Pvalb/Sst
20180711_sample_1,-27.86,23.95,Pvalb/Sst
20180711_sample_2,20.3,20.76,Pvalb/Sst
20180711_sample_3,17.76,33.26,Pvalb/Sst
20180711_sample_4,15.44,38.9,Pvalb/Sst
20180712_sample_2,,,           
20180712_sample_3,,,           
20180712_sample_5,-35.52,21.16,Pvalb/Sst
20180712_sample_11,-30.1,14.84,Pvalb/Sst
20180712_sample_12,-33.65,10.18,Pvalb/Sst
20180712_sample_13,28.56,26.59,Excitatory
20180712_sample_14,-37.72,15.52,Pvalb/Sst
20180712_sample_15,-56.16,9.34,Pvalb/Sst
20180717_sample_1,-20.78,-21.6,Pvalb/Sst
20180717_sample_2,-13.71,45.78,Lamp5/Vip
20180717_sample_3,-19.31,31.94,Pvalb/Sst
20180717_sample_4,-42.34,22.3,Pvalb/Sst
20180717_sample_6,-39.12,-0.93,Pvalb/Sst
20180717_sample_7,-43.18,37.44,Excitatory
20180718_sample_2,-30.07,24.72,Pvalb/Sst
20180718_sample_3,-53.4,8.53,Pvalb/Sst
20180718_sample_4,-43.06,-30.97,Pvalb/Sst
20180719_sample_1,-51.75,19.97,Pvalb/Sst
20180719_sample_4,-30.85,-11.82,Pvalb/Sst
20180720_sample_2,,,           
20180720_sample_3,-31.55,21.5,Pvalb/Sst
20180720_sample_5,35.8,1.25,Lamp5/Vip
20180725_sample_3,43.09,8.63,Excitatory
20180725_sample_4,,,           
20180725_sample_6,-28.09,23.95,Pvalb/Sst
20180725_sample_7,41.85,21.81,Excitatory
20180725_sample_9,50.37,-2.72,Lamp5/Vip
20180726_sample_3,-31.57,19.76,Pvalb/Sst
20180726_sample_4,-55.43,15.99,Pvalb/Sst
20180726_sample_5,-53.35,17.29,Pvalb/Sst
20180726_sample_6,-23.62,27.82,Pvalb/Sst
20180726_sample_7,-48.37,-34.0,Pvalb/Sst
20180817_sample_2,-25.55,21.03,Pvalb/Sst
20180817_sample_3,-21.66,23.65,Pvalb/Sst
20180817_sample_4,-60.0,17.47,Pvalb/Sst
20180817_sample_5,-27.74,26.84,Pvalb/Sst
20180817_sample_6,-2.01,-20.2,Excitatory
20180817_sample_7,-30.03,23.96,Pvalb/Sst
20180820_sample_1,16.89,28.38,Pvalb/Sst
20180820_sample_2,-11.58,45.39,Excitatory
20180820_sample_3,17.15,32.89,Pvalb/Sst
20180820_sample_4,16.96,32.65,Pvalb/Sst
20180820_sample_5,-0.51,29.46,Pvalb/Sst
20180820_sample_6,25.75,25.63,Excitatory
20180820_sample_7,-0.42,21.88,Pvalb/Sst
20180822_sample_1,-59.99,15.87,Pvalb/Sst
20180822_sample_2,-42.95,-10.93,Pvalb/Sst
20180822_sample_3,-26.82,15.69,Pvalb/Sst
20180822_sample_4,-34.57,-6.23,Pvalb/Sst
20180822_sample_6,-32.45,21.89,Pvalb/Sst
20180822_sample_7,-31.31,25.18,Pvalb/Sst
20180828_sample_2,-36.17,25.35,Pvalb/Sst
20180828_sample_3,-37.3,19.2,Pvalb/Sst
20180828_sample_4,39.34,19.17,Excitatory
20180828_sample_5,-61.55,17.51,Pvalb/Sst
20180828_sample_6,-38.09,20.42,Pvalb/Sst
20180828_sample_7,,,           
20180828_sample_8,39.35,23.66,Excitatory
20180829_sample_1,9.44,32.11,Pvalb/Sst
20180829_sample_2,19.75,38.23,Pvalb/Sst
20180829_sample_3,14.88,34.52,Pvalb/Sst
20180829_sample_4,18.78,37.82,Pvalb/Sst
20180829_sample_5,60.06,10.0,Pvalb/Sst
20180829_sample_6,16.74,33.24,Pvalb/Sst
20180829_sample_7,10.69,25.29,Pvalb/Sst
20180829_sample_8,28.36,30.51,Excitatory
20180830_sample_1,-59.66,17.76,Pvalb/Sst
20180830_sample_2,-34.3,17.21,Pvalb/Sst
20180830_sample_5,-30.46,23.74,Pvalb/Sst
20180830_sample_6,-40.97,-7.22,Pvalb/Sst
20180904_sample_1,-38.29,-9.65,Pvalb/Sst
20180904_sample_2,-31.54,14.76,Pvalb/Sst
20180904_sample_3,-53.43,12.61,Pvalb/Sst
20180904_sample_4,-9.62,-24.38,Pvalb/Sst
20180904_sample_5,-35.39,24.3,Pvalb/Sst
20180904_sample_6,-36.39,1.52,Pvalb/Sst
20180904_sample_7,-20.63,24.79,Pvalb/Sst
20180904_sample_9,-29.89,25.92,Pvalb/Sst
20180905_sample_1,6.96,31.21,Pvalb/Sst
20180905_sample_2,15.55,30.37,Pvalb/Sst
20180910_sample_2,52.9,-6.99,Pvalb/Sst
20180910_sample_3,14.25,-17.72,Pvalb/Sst
20180911_sample_1,21.33,65.03,Pvalb/Sst
20180911_sample_2,1.82,-40.59,Pvalb/Sst
20180911_sample_3,15.97,35.4,Pvalb/Sst
20180911_sample_5,13.16,11.05,Pvalb/Sst
20180911_sample_6,10.89,-46.88,Pvalb/Sst
20180912_sample_2,-25.17,23.52,Pvalb/Sst
20180912_sample_3,-48.82,-32.89,Pvalb/Sst
20180912_sample_6,-28.91,27.16,Pvalb/Sst
20180913_sample_2,,,           
20180917_sample_1,15.31,-20.65,Pvalb/Sst
20180917_sample_2,-13.38,-25.41,Pvalb/Sst
20180917_sample_3,44.24,15.85,Excitatory
20180917_sample_4,-32.71,28.17,Pvalb/Sst
20180917_sample_5,5.99,2.16,Pvalb/Sst
20180918_sample_1,-37.59,-14.25,Lamp5/Vip
20180918_sample_2,-39.56,-3.76,Lamp5/Vip
20180918_sample_3,-9.79,-44.66,Lamp5/Vip
20180920_sample_1,,,           
20180920_sample_2,-29.95,4.12,Pvalb/Sst
20180920_sample_3,-33.15,7.29,Pvalb/Sst
20180920_sample_4,-60.54,17.98,Pvalb/Sst
20180921_sample_1,,,           
20180921_sample_2,-43.34,21.42,Pvalb/Sst
20180921_sample_3,-45.4,-32.53,Pvalb/Sst
20180925_sample_9,-39.75,-26.98,Pvalb/Sst
20180926_sample_1,-32.07,21.72,Pvalb/Sst
20180926_sample_3,-59.9,11.68,Pvalb/Sst
20180926_sample_4,,,           
20180926_sample_7,-34.12,24.04,Pvalb/Sst
20180926_sample_9,37.56,18.79,Excitatory
20180927_sample_1,-24.29,15.08,Pvalb/Sst
20180927_sample_2,-39.57,17.76,Pvalb/Sst
20180927_sample_3,,,           
20180927_sample_4,-35.78,3.97,Pvalb/Sst
20180927_sample_5,-59.71,17.49,Pvalb/Sst
20180927_sample_7,-60.41,18.71,Pvalb/Sst
20180927_sample_9,43.11,18.49,Excitatory
20180927_sample_10,,,           
20181002_sample_1,,,           
20181002_sample_2,-27.74,24.61,Pvalb/Sst
20181002_sample_3,-31.4,14.76,Pvalb/Sst
20181002_sample_4,-43.61,-32.15,Pvalb/Sst
20181002_sample_5,-26.89,15.02,Pvalb/Sst
20181002_sample_6,-61.2,17.61,Pvalb/Sst
20181002_sample_7,34.87,24.13,Excitatory
20181002_sample_8,-29.72,14.56,Pvalb/Sst
20181002_sample_9,-2.02,21.99,Pvalb/Sst
20181002_sample_10,-55.61,19.1,Pvalb/Sst
20181003_sample_1,,,           
20181003_sample_2,21.46,66.14,Pvalb/Sst
20181003_sample_3,17.04,31.37,Pvalb/Sst
20181003_sample_4,17.96,26.37,Pvalb/Sst
20181003_sample_5,19.78,38.63,Pvalb/Sst
20181003_sample_6,10.35,23.54,Pvalb/Sst
20181003_sample_7,-1.01,33.96,Pvalb/Sst
20181003_sample_8,16.73,29.9,Pvalb/Sst
20181003_sample_9,-12.17,31.8,Pvalb/Sst
20181003_sample_10,-0.61,22.31,Pvalb/Sst
20181004_sample_1,,,           
20181004_sample_3,-2.94,27.64,Pvalb/Sst
20181004_sample_5,1.79,24.71,Pvalb/Sst
20181004_sample_6,20.61,33.14,Pvalb/Sst
20181004_sample_8,-9.54,28.19,Pvalb/Sst
20181009_sample_2,18.42,31.23,Pvalb/Sst
20181009_sample_3,19.75,32.29,Pvalb/Sst
20181009_sample_4,23.07,18.33,Pvalb/Sst
20181009_sample_5,10.56,32.1,Pvalb/Sst
20181009_sample_6,25.44,25.03,Excitatory
20181009_sample_7,14.87,31.91,Pvalb/Sst
20181010_sample_1,0.45,32.73,Pvalb/Sst
20181010_sample_3,20.02,26.42,Pvalb/Sst
20181010_sample_4,16.63,29.88,Pvalb/Sst
20181010_sample_5,36.0,21.09,Excitatory
20181010_sample_6,32.6,18.24,Pvalb/Sst
20181010_sample_8,19.77,21.33,Pvalb/Sst
20181010_sample_10,27.45,7.75,Pvalb/Sst
20181011_sample_3,-9.54,28.72,Pvalb/Sst
20181011_sample_4,11.47,42.89,Pvalb/Sst
20181011_sample_8,0.09,34.55,Pvalb/Sst
20181011_sample_9,17.27,22.24,Pvalb/Sst
20181011_sample_10,17.29,19.32,Pvalb/Sst
20181109_sample_1,18.85,30.34,Pvalb/Sst
20181109_sample_2,2.38,1.37,Pvalb/Sst
20181109_sample_3,8.93,32.13,Pvalb/Sst
20181109_sample_5,26.73,22.08,Pvalb/Sst
20181109_sample_7,18.79,37.12,Pvalb/Sst
20181109_sample_8,22.21,21.73,Pvalb/Sst
20181109_sample_9,8.15,-7.54,Pvalb/Sst
20181109_sample_10,20.3,21.14,Pvalb/Sst
20181112_sample_1,,,           
20181112_sample_4,14.35,-2.78,Pvalb/Sst
20181112_sample_5,,,           
20181112_sample_6,15.29,-13.2,Pvalb/Sst
20181112_sample_8,62.54,5.98,Pvalb/Sst
20181112_sample_11,56.44,-10.46,Pvalb/Sst
20181114_sample_1,-21.98,26.32,Pvalb/Sst
20181114_sample_2,-30.82,-41.13,Pvalb/Sst
20181114_sample_4,-43.88,-33.04,Pvalb/Sst
20181116_sample_2,-33.5,23.24,Pvalb/Sst
20181116_sample_3,-56.09,16.83,Pvalb/Sst
20181116_sample_4,-50.65,-34.59,Pvalb/Sst
20181116_sample_5,-60.29,17.55,Pvalb/Sst
20181116_sample_7,,,           
20181116_sample_10,,,           
20181116_sample_12,-43.85,-32.24,Pvalb/Sst
20181121_sample_1,15.55,29.71,Pvalb/Sst
20181121_sample_2,20.97,21.79,Pvalb/Sst
20181121_sample_3,-18.95,29.62,Pvalb/Sst
20181121_sample_4,,,           
20181121_sample_5,15.46,36.06,Pvalb/Sst
20181121_sample_6,-2.17,21.99,Pvalb/Sst
20181121_sample_7,12.53,18.39,Pvalb/Sst
20181126_sample_2,11.03,-31.74,Pvalb/Sst
20181126_sample_6,20.67,63.95,Pvalb/Sst
20181127_sample_1,16.36,31.48,Pvalb/Sst
20181127_sample_3,17.54,43.03,Pvalb/Sst
20181127_sample_4,19.28,31.06,Pvalb/Sst
20181127_sample_5,16.16,31.91,Pvalb/Sst
20181127_sample_7,20.86,66.15,Pvalb/Sst
20181129_sample_1,55.7,-8.57,Pvalb/Sst
20181129_sample_2,,,           
20181129_sample_3,20.24,64.37,Pvalb/Sst
20181129_sample_4,15.87,32.27,Pvalb/Sst
20181129_sample_5,8.23,1.57,Pvalb/Sst
20181129_sample_6,38.29,-2.19,Pvalb/Sst
20181203_sample_2,53.55,-6.06,Pvalb/Sst
20181203_sample_3,7.62,29.73,Pvalb/Sst
20181203_sample_4,6.93,-14.93,Pvalb/Sst
20181203_sample_5,17.7,35.81,Pvalb/Sst
20181203_sample_6,-22.39,-14.96,Pvalb/Sst
20181203_sample_7,13.7,31.95,Pvalb/Sst
20181203_sample_8,10.25,-6.47,Pvalb/Sst
20181203_sample_9,11.26,45.6,Pvalb/Sst
20181203_sample_10,,,           
20181205_sample_1,19.16,31.96,Pvalb/Sst
20181205_sample_2,16.86,23.73,Pvalb/Sst
20181207_sample_1,-36.34,24.69,Pvalb/Sst
20181207_sample_2,-43.55,-10.07,Pvalb/Sst
20181207_sample_3,-23.62,25.15,Pvalb/Sst
20181207_sample_4,-57.23,8.96,Pvalb/Sst
20181207_sample_5,-20.06,31.84,Pvalb/Sst
20181207_sample_6,,,           
20181207_sample_7,-61.41,17.4,Pvalb/Sst
20181208_sample_1,,,           
20181208_sample_2,17.06,26.01,Pvalb/Sst
20181208_sample_3,12.58,34.82,Pvalb/Sst
20181208_sample_4,17.03,6.55,Pvalb/Sst
20181208_sample_5,15.2,40.36,Pvalb/Sst
20181208_sample_6,18.9,36.35,Pvalb/Sst
20181208_sample_7,13.25,32.11,Pvalb/Sst
20181208_sample_8,20.55,22.32,Pvalb/Sst
20181208_sample_9,59.8,-1.93,Pvalb/Sst
20181208_sample_10,17.58,-4.57,Pvalb/Sst
20181211_sample_1,-43.09,-36.52,Excitatory
20181211_sample_2,-26.33,24.29,Pvalb/Sst
20181211_sample_4,-23.97,19.07,Pvalb/Sst
20181211_sample_5,,,           
20181211_sample_6,-25.21,22.91,Pvalb/Sst
20181211_sample_7,-28.77,-16.38,Pvalb/Sst
20181211_sample_8,-25.54,-41.58,Pvalb/Sst
20181211_sample_9,-28.09,29.02,Pvalb/Sst
20181213_sample_1,48.74,-3.54,Pvalb/Sst
20181213_sample_2,41.74,-12.64,Pvalb/Sst
20181213_sample_3,48.57,-8.84,Pvalb/Sst
20181213_sample_4,10.07,-47.15,Pvalb/Sst
20181213_sample_5,0.27,22.75,Excitatory
20181213_sample_6,5.26,3.4,Pvalb/Sst
20181213_sample_7,54.16,-6.35,Pvalb/Sst
20181214_sample_1,,,           
20181214_sample_2,21.76,24.14,Pvalb/Sst
20190108_sample_1,-23.54,22.34,Pvalb/Sst
20190108_sample_2,-29.69,25.07,Lamp5/Vip
20190108_sample_3,26.13,25.84,Excitatory
20190108_sample_5,-34.97,-20.17,Lamp5/Vip
20190108_sample_6,52.39,-16.67,Lamp5/Vip
20190109_sample_2,12.85,27.76,Pvalb/Sst
20190110_sample_1,27.89,12.11,Pvalb/Sst
20190110_sample_3,61.43,0.01,Pvalb/Sst
20190110_sample_4,6.69,-47.04,Pvalb/Sst
20190110_sample_6,19.37,-11.91,Excitatory
20190110_sample_7,40.18,18.18,Excitatory
20190117_sample_1,-40.5,14.04,Lamp5/Vip
20190117_sample_2,12.66,-9.11,Excitatory
20190117_sample_3,18.1,38.08,Pvalb/Sst
20190117_sample_4,38.71,-1.49,Excitatory
20190117_sample_5,18.19,31.12,Pvalb/Sst
20190122_sample_1,-13.5,-23.17,Pvalb/Sst
20190122_sample_2,25.55,24.76,Excitatory
20190122_sample_3,-38.88,1.5,Pvalb/Sst
20190122_sample_5,-36.32,23.24,Pvalb/Sst
20190122_sample_6,35.38,42.34,Excitatory
20190122_sample_9,-30.79,14.79,Pvalb/Sst
20190122_sample_10,-44.99,-27.35,Pvalb/Sst
20190122_sample_11,,,           
20190122_sample_12,-47.82,12.22,Pvalb/Sst
20190122_sample_13,-50.65,-34.37,Pvalb/Sst
20190122_sample_14,-29.67,14.4,Pvalb/Sst
20190122_sample_16,-46.97,21.8,Pvalb/Sst
20190122_sample_17,-48.19,-33.47,Pvalb/Sst
20190123_sample_5,-63.07,16.49,Pvalb/Sst
20190123_sample_7,-14.18,60.67,Pvalb/Sst
20190123_sample_8,-45.4,-32.04,Pvalb/Sst
20190124_sample_4,-30.68,32.16,Pvalb/Sst
20190128_sample_2,-30.24,17.15,Pvalb/Sst
20190128_sample_3,,,           
20190128_sample_4,-23.69,-15.57,Pvalb/Sst
20190128_sample_6,7.09,46.15,Lamp5/Vip
20190128_sample_7,-47.15,-32.65,Pvalb/Sst
20190128_sample_11,-49.41,7.0,Pvalb/Sst
20190128_sample_12,-54.75,12.78,Pvalb/Sst
20190130_sample_2,,,           
20190130_sample_3,42.85,-52.4,Lamp5/Vip
20190130_sample_6,-39.51,-12.19,Pvalb/Sst
20190130_sample_8,-55.79,6.3,Excitatory
20190130_sample_9,54.57,-1.79,Pvalb/Sst
20190130_sample_10,16.11,31.37,Pvalb/Sst
20190130_sample_15,-42.67,-31.63,Pvalb/Sst
20190130_sample_17,18.83,-21.54,Pvalb/Sst
20190130_sample_18,47.45,-10.33,Pvalb/Sst
20190131_sample_1,10.99,27.76,Pvalb/Sst
20190131_sample_3,-33.26,22.05,Pvalb/Sst
20190131_sample_4,61.24,-11.75,Pvalb/Sst
20190131_sample_5,-2.84,22.77,Pvalb/Sst
20190131_sample_6,1.93,34.79,Pvalb/Sst
20190131_sample_10,19.31,27.65,Pvalb/Sst
20190201_sample_2,-34.89,24.15,Pvalb/Sst
20190201_sample_3,-25.52,29.0,Pvalb/Sst
20190201_sample_4,-49.33,-34.3,Pvalb/Sst
20190201_sample_7,-35.54,-6.27,Pvalb/Sst
20190201_sample_8,-21.62,28.63,Pvalb/Sst
20190201_sample_10,-30.29,16.11,Pvalb/Sst
20190204_sample_1,63.41,7.46,Pvalb/Sst
20190204_sample_2,-53.99,-1.03,Excitatory
20190204_sample_4,24.11,20.88,Pvalb/Sst
20190204_sample_5,15.36,38.1,Pvalb/Sst
20190204_sample_6,15.31,-19.28,Pvalb/Sst
20190204_sample_7,-30.21,19.45,Pvalb/Sst
20190204_sample_8,-43.2,-18.27,Pvalb/Sst
20190204_sample_9,-36.25,17.98,Pvalb/Sst
20190204_sample_10,-59.95,17.51,Pvalb/Sst
20190204_sample_11,-0.76,-37.25,Pvalb/Sst
20190204_sample_14,56.67,-1.51,Pvalb/Sst
20190204_sample_15,19.82,22.94,Pvalb/Sst
20190204_sample_16,15.94,-18.87,Pvalb/Sst
20190204_sample_17,0.87,22.95,Pvalb/Sst
20190204_sample_18,58.65,-13.49,Pvalb/Sst
20190204_sample_19,,,           
20190204_sample_20,,,           
20190204_sample_21,-38.87,-2.66,Pvalb/Sst
20190204_sample_22,-4.07,15.75,Excitatory
20190204_sample_24,-51.83,-4.16,Excitatory
20190205_sample_1,-13.49,-37.49,Pvalb/Sst
20190205_sample_2,21.67,28.57,Pvalb/Sst
20190205_sample_3,,,           
20190205_sample_4,20.25,33.49,Pvalb/Sst
20190205_sample_5,2.67,-47.03,Pvalb/Sst
20190205_sample_6,-1.94,21.7,Pvalb/Sst
20190205_sample_7,-45.05,-33.35,Pvalb/Sst
20190211_sample_1,-23.01,-10.0,Pvalb/Sst
20190211_sample_2,-9.9,53.55,Excitatory
20190211_sample_3,-9.28,-24.99,Pvalb/Sst
20190211_sample_4,-5.04,52.55,Excitatory
20190211_sample_6,-49.43,-34.26,Pvalb/Sst
20190211_sample_8,-49.97,7.26,Pvalb/Sst
20190211_sample_9,-59.66,14.35,Pvalb/Sst
20190211_sample_10,-52.45,-13.98,Excitatory
20190211_sample_11,15.96,16.48,Pvalb/Sst
20190211_sample_12,,,           
20190212_sample_1,15.32,32.11,Pvalb/Sst
20190212_sample_4,19.63,31.41,Pvalb/Sst
20190212_sample_5,16.06,42.57,Pvalb/Sst
20190212_sample_6,7.32,11.06,Pvalb/Sst
20190212_sample_7,1.2,-45.98,Pvalb/Sst
20190212_sample_8,19.97,32.33,Pvalb/Sst
20190213_sample_1,-32.77,24.04,Pvalb/Sst
20190213_sample_4,-37.93,2.84,Pvalb/Sst
20190213_sample_7,-20.67,-18.52,Pvalb/Sst
20190213_sample_8,-29.74,25.74,Pvalb/Sst
20190214_sample_1,-14.69,60.02,Pvalb/Sst
20190214_sample_2,-35.92,22.91,Pvalb/Sst
20190214_sample_3,-58.72,15.95,Pvalb/Sst
20190214_sample_6,-44.38,-32.56,Pvalb/Sst
20190214_sample_9,-20.99,-12.16,Pvalb/Sst
20190218_sample_3,19.61,30.08,Pvalb/Sst
20190218_sample_4,18.86,31.71,Pvalb/Sst
20190218_sample_5,62.38,-0.71,Pvalb/Sst
20190219_sample_1,-3.88,-2.08,Lamp5/Vip
20190219_sample_3,,,           
20190219_sample_4,-37.63,-30.88,Lamp5/Vip
20190219_sample_7,-58.17,2.08,Lamp5/Vip
20190219_sample_8,-11.77,39.23,Excitatory
20190221_sample_1,-0.87,29.43,Pvalb/Sst
20190221_sample_2,6.1,25.77,Pvalb/Sst
20190221_sample_4,-13.65,28.64,Pvalb/Sst
20190221_sample_10,62.83,3.72,Pvalb/Sst
20190221_sample_11,-22.26,-7.41,Pvalb/Sst
20190222_sample_2,-35.86,-1.39,Excitatory
20190222_sample_3,-10.63,54.52,Excitatory
20190222_sample_4,-33.25,-1.67,Excitatory
20190222_sample_5,-47.56,5.13,Excitatory
20190222_sample_7,-34.65,-11.69,Lamp5/Vip
20190222_sample_8,-12.12,51.69,Excitatory
20190226_sample_1,-39.12,4.8,Pvalb/Sst
20190226_sample_2,24.39,-14.02,Lamp5/Vip
20190226_sample_3,-21.49,-17.29,Excitatory
20190226_sample_5,36.57,21.52,Excitatory
20190226_sample_6,3.43,-16.44,Excitatory
20190226_sample_7,32.9,0.33,Lamp5/Vip
20190226_sample_9,-60.3,16.81,Pvalb/Sst
20190227_sample_1,59.04,8.94,Pvalb/Sst
20190227_sample_2,19.61,25.14,Pvalb/Sst
20190227_sample_3,10.31,22.75,Pvalb/Sst
20190227_sample_4,30.63,15.19,Pvalb/Sst
20190227_sample_5,20.89,33.12,Pvalb/Sst
20190227_sample_6,21.39,65.53,Pvalb/Sst
20190227_sample_7,-21.32,1.27,Pvalb/Sst
20190318_sample_3,18.19,32.76,Pvalb/Sst
20190318_sample_4,-2.02,21.42,Pvalb/Sst
20190318_sample_5,59.48,13.01,Pvalb/Sst
20190318_sample_6,21.07,33.11,Pvalb/Sst
20190320_sample_4,-12.92,52.58,Excitatory
20190320_sample_5,-47.62,-1.06,Excitatory
20190320_sample_6,-43.91,9.36,Excitatory
20190320_sample_9,-16.85,57.2,Excitatory
20190321_sample_2,,,           
20190321_sample_4,1.17,55.29,Excitatory
20190321_sample_6,-56.82,-3.6,Excitatory
20190322_sample_1,0.45,55.1,Excitatory
20190322_sample_2,25.9,21.19,Excitatory
20190322_sample_3,-53.34,-5.67,Excitatory
20190322_sample_4,-50.3,7.88,Excitatory
20190325_sample_1,41.89,0.04,Lamp5/Vip
20190325_sample_2,,,           
20190325_sample_3,1.29,54.82,Excitatory
20190325_sample_4,-54.37,1.64,Excitatory
20190325_sample_5,-53.69,-16.54,Excitatory
20190325_sample_6,-33.18,-20.25,Excitatory
20190325_sample_7,3.55,54.99,Excitatory
20190325_sample_9,-40.3,7.19,Excitatory
20190326_sample_1,-53.69,8.01,Excitatory
20190326_sample_2,-26.77,34.83,Lamp5/Vip
20190326_sample_3,-21.09,32.43,Lamp5/Vip
20190326_sample_4,-40.85,-38.64,Excitatory
20190327_sample_1,-21.29,-34.32,Excitatory
20190327_sample_2,0.56,54.14,Excitatory
20190327_sample_4,-37.27,3.01,Excitatory
20190327_sample_7,-42.63,4.97,Lamp5/Vip
20190328_sample_1,-57.49,-3.77,Excitatory
20190328_sample_2,-57.34,-3.38,Excitatory
20190328_sample_3,-38.43,-2.32,Excitatory
20190328_sample_4,-44.62,-9.79,Excitatory
20190328_sample_5,-34.45,-5.16,Excitatory
20190328_sample_6,-42.19,-8.12,Excitatory
20190328_sample_8,-4.87,53.61,Excitatory
20190328_sample_9,-20.84,-20.31,Excitatory
20190329_sample_3,-30.63,0.33,Excitatory
20190329_sample_4,-42.97,-7.51,Excitatory
20190329_sample_5,-43.78,-11.87,Excitatory
20190402_sample_2,-52.47,4.76,Excitatory
20190402_sample_3,31.35,8.71,Excitatory
20190402_sample_5,,,           
20190402_sample_6,-28.74,26.81,Lamp5/Vip
20190403_sample_3,,,           
20190403_sample_5,-17.1,55.02,Excitatory
20190403_sample_6,62.54,6.21,Pvalb/Sst
20190403_sample_7,15.52,33.09,Pvalb/Sst
20190408_sample_1,-25.49,-14.75,Pvalb/Sst
20190408_sample_2,16.13,31.18,Pvalb/Sst
20190408_sample_5,19.23,24.41,Pvalb/Sst
20190408_sample_6,9.92,32.22,Pvalb/Sst
20190409_sample_2,,,           
20190409_sample_3,,,           
20190409_sample_4,0.32,-3.61,Pvalb/Sst
20190409_sample_5,-30.11,2.63,Excitatory
20190409_sample_7,13.86,33.86,Pvalb/Sst
20190409_sample_8,-39.58,10.81,Excitatory
20190409_sample_9,-11.81,47.25,Excitatory
20190409_sample_10,-42.74,-8.44,Excitatory
20190409_sample_11,-11.52,47.88,Excitatory
20190410_sample_3,-41.21,-35.78,Excitatory
20190410_sample_4,16.69,-11.02,Pvalb/Sst
20190410_sample_6,41.41,3.9,Excitatory
20190410_sample_7,-31.71,-13.42,Excitatory
20190410_sample_10,-44.19,-24.9,Excitatory
20190411_sample_1,-36.03,-1.86,Excitatory
20190411_sample_3,,,           
20190411_sample_5,-57.17,-2.7,Excitatory
20190411_sample_6,-20.74,-17.23,Pvalb/Sst
20190411_sample_8,-27.98,1.2,Excitatory
20190412_sample_1,-11.47,-29.13,Pvalb/Sst
20190412_sample_3,-15.48,50.55,Excitatory
20190412_sample_6,-18.46,-22.13,Pvalb/Sst
20190415_sample_1,-15.08,-21.01,Pvalb/Sst
20190415_sample_3,-51.25,-16.9,Excitatory
20190415_sample_4,-12.27,53.19,Excitatory
20190415_sample_6,-35.57,3.08,Excitatory
20190415_sample_8,19.05,60.26,Pvalb/Sst
20190415_sample_10,-4.72,53.91,Excitatory
20190416_sample_3,-33.45,3.21,Excitatory
20190416_sample_4,-9.64,-24.78,Pvalb/Sst
20190416_sample_5,5.48,-15.79,Pvalb/Sst
20190416_sample_6,-6.07,52.54,Excitatory
20190416_sample_7,,,           
20190416_sample_8,-13.44,-25.41,Pvalb/Sst
20190416_sample_9,-9.44,53.91,Excitatory
20190416_sample_10,-33.59,-1.4,Excitatory
20190417_sample_2,-29.69,-6.64,Excitatory
20190417_sample_3,-16.32,-16.57,Excitatory
20190417_sample_4,14.35,2.91,Pvalb/Sst
20190417_sample_5,4.01,-11.21,Pvalb/Sst
20190417_sample_9,-52.43,-3.9,Excitatory
20190417_sample_10,17.0,-25.43,Pvalb/Sst
20190418_sample_2,0.36,-51.65,Pvalb/Sst
20190418_sample_4,-57.69,-4.19,Excitatory
20190418_sample_5,0.84,56.26,Excitatory
20190418_sample_7,-43.47,-9.78,Excitatory
20190418_sample_8,-15.32,-22.12,Pvalb/Sst
20190418_sample_9,-26.92,-15.44,Excitatory
20190418_sample_10,-33.28,-0.86,Excitatory
20190422_sample_1,-13.32,-25.41,Pvalb/Sst
20190422_sample_4,-42.85,-30.12,Pvalb/Sst
20190422_sample_5,-12.48,-39.11,Pvalb/Sst
20190422_sample_6,-29.53,0.8,Excitatory
20190422_sample_7,-14.0,53.39,Excitatory
20190422_sample_8,-24.05,-49.64,Pvalb/Sst
20190422_sample_10,-47.67,6.75,Excitatory
20190423_sample_1,-1.45,53.41,Excitatory
20190423_sample_3,-56.28,-3.04,Excitatory
20190423_sample_5,-19.14,-31.46,Excitatory
20190423_sample_7,-34.76,-1.89,Excitatory
20190423_sample_8,-29.03,24.07,Pvalb/Sst
20190423_sample_10,-16.92,-19.43,Pvalb/Sst
20190424_sample_1,-28.35,0.74,Excitatory
20190424_sample_2,-20.74,-17.54,Pvalb/Sst
20190424_sample_3,-42.59,-10.17,Excitatory
20190424_sample_4,-40.84,-35.6,Excitatory
20190424_sample_5,-34.66,-2.9,Excitatory
20190424_sample_6,-16.57,53.35,Excitatory
20190424_sample_7,36.74,34.78,Lamp5/Vip
20190425_sample_1,-5.48,53.83,Excitatory
20190425_sample_4,42.57,-19.97,Lamp5/Vip
20190425_sample_6,36.32,14.21,Pvalb/Sst
20190425_sample_7,-5.05,54.06,Excitatory
20190425_sample_8,-55.74,-18.86,Excitatory
20190425_sample_9,-27.14,1.72,Excitatory
20190425_sample_12,-30.17,0.79,Excitatory
20190425_sample_13,-36.33,6.06,Excitatory
20190425_sample_14,-36.03,-0.86,Excitatory
20190425_sample_16,-5.81,58.78,Excitatory
20190429_sample_1,-40.74,21.96,Pvalb/Sst
20190429_sample_4,-25.38,-10.29,Pvalb/Sst
20190429_sample_5,-13.32,-25.07,Pvalb/Sst
20190429_sample_6,-48.89,-35.0,Pvalb/Sst
20190429_sample_7,-47.6,-11.75,Excitatory
20190430_sample_1,-30.3,-26.64,Lamp5/Vip
20190430_sample_3,-35.12,11.51,Lamp5/Vip
20190430_sample_4,-13.97,42.03,Lamp5/Vip
20190430_sample_5,-24.82,28.89,Lamp5/Vip
20190430_sample_6,-57.79,8.53,Lamp5/Vip
20190430_sample_7,26.43,-28.52,Excitatory
20190430_sample_8,4.96,7.58,Lamp5/Vip
20190430_sample_9,40.55,22.6,Excitatory
20190430_sample_10,17.74,-26.91,Excitatory
20190501_sample_1,-37.47,17.91,Lamp5/Vip
20190501_sample_3,-39.22,8.49,Lamp5/Vip
20190501_sample_4,-34.87,13.01,Lamp5/Vip
20190501_sample_5,-32.25,-0.46,Excitatory
20190501_sample_6,-22.45,32.78,Lamp5/Vip
20190501_sample_7,-13.32,-25.41,Pvalb/Sst
20190501_sample_8,-56.86,8.85,Lamp5/Vip
20190501_sample_9,-21.07,-21.58,Pvalb/Sst
20190501_sample_11,-27.09,25.01,Pvalb/Sst
20190501_sample_12,-4.65,47.44,Excitatory
20190501_sample_14,-26.39,-49.67,Pvalb/Sst
20190503_sample_1,-31.05,1.34,Lamp5/Vip
20190503_sample_3,-37.37,-6.96,Lamp5/Vip
20190506_sample_1,-38.97,15.07,Lamp5/Vip
20190506_sample_2,-48.58,5.34,Lamp5/Vip
20190506_sample_3,-41.89,13.91,Lamp5/Vip
20190506_sample_4,-53.6,-3.87,Excitatory
20190506_sample_5,-24.85,28.89,Lamp5/Vip
20190506_sample_6,-44.26,12.07,Excitatory
20190506_sample_7,-45.33,2.4,Lamp5/Vip
20190507_sample_2,-40.88,-0.03,Lamp5/Vip
20190507_sample_3,-32.34,-1.05,Excitatory
20190507_sample_4,-31.11,25.47,Lamp5/Vip
20190507_sample_5,-34.46,17.03,Lamp5/Vip
20190507_sample_6,-40.46,14.96,Lamp5/Vip
20190508_sample_1,11.63,58.91,Lamp5/Vip
20190508_sample_2,58.18,-3.64,Pvalb/Sst
20190508_sample_3,62.28,-2.84,Lamp5/Vip
20190508_sample_4,46.26,-44.08,Pvalb/Sst
20190508_sample_5,,,           
20190508_sample_6,-14.03,-26.56,Pvalb/Sst
20190508_sample_7,-4.98,-43.04,Pvalb/Sst
20190509_sample_2,-24.61,34.51,Lamp5/Vip
20190509_sample_3,31.0,-6.61,Lamp5/Vip
20190509_sample_4,-6.43,0.0,Lamp5/Vip
20190509_sample_5,24.46,22.77,Lamp5/Vip
20190509_sample_9,-56.51,-1.9,Lamp5/Vip
20190513_sample_1,7.49,49.63,Lamp5/Vip
20190513_sample_2,-40.23,-32.67,Lamp5/Vip
20190513_sample_3,-37.43,17.85,Lamp5/Vip
20190513_sample_4,-39.62,16.12,Lamp5/Vip
20190513_sample_5,14.32,45.84,Lamp5/Vip
20190514_sample_2,-13.62,-26.74,Pvalb/Sst
20190514_sample_4,45.06,16.07,Lamp5/Vip
20190514_sample_7,40.78,30.66,Lamp5/Vip
20190514_sample_8,-16.87,-22.82,Pvalb/Sst
20190515_sample_1,40.87,21.45,Lamp5/Vip
20190515_sample_2,,,           
20190515_sample_3,,,           
20190515_sample_4,-35.43,-2.06,Lamp5/Vip
20190515_sample_5,14.35,58.43,Lamp5/Vip
20190515_sample_6,-41.92,13.01,Lamp5/Vip
20190515_sample_7,7.27,46.39,Lamp5/Vip
20190515_sample_8,-20.3,-1.99,Lamp5/Vip
20190515_sample_9,12.28,54.1,Lamp5/Vip
20190515_sample_10,-51.07,-25.39,Lamp5/Vip
20190515_sample_11,15.51,38.02,Lamp5/Vip
20190515_sample_12,-32.99,-28.18,Lamp5/Vip
20190515_sample_13,-44.56,11.77,Lamp5/Vip
20190515_sample_14,-31.76,21.61,Lamp5/Vip
20190515_sample_15,41.36,22.39,Lamp5/Vip
20190516_sample_2,-5.39,-6.81,Pvalb/Sst
20190516_sample_3,24.5,30.87,Lamp5/Vip
20190516_sample_4,-5.37,-54.2,Pvalb/Sst
20190516_sample_5,45.3,23.9,Lamp5/Vip
20190516_sample_6,18.26,64.25,Pvalb/Sst
20190522_sample_1,11.25,40.5,Lamp5/Vip
20190528_sample_2,-42.65,-24.72,Lamp5/Vip
20190528_sample_4,-54.03,12.17,Lamp5/Vip
20190528_sample_6,-35.56,-29.38,Lamp5/Vip
20190528_sample_7,15.75,42.29,Lamp5/Vip
20190528_sample_8,-38.11,13.14,Lamp5/Vip
20190528_sample_9,-4.71,-2.24,Lamp5/Vip
20190529_sample_2,-32.72,15.2,Lamp5/Vip
20190529_sample_3,,,           
20190529_sample_6,-42.89,14.96,Lamp5/Vip
20190603_sample_1,22.67,33.86,Lamp5/Vip
20190603_sample_2,-26.77,31.35,Lamp5/Vip
20190603_sample_3,-30.08,6.51,Lamp5/Vip
20190603_sample_4,-3.97,0.59,Lamp5/Vip
20190603_sample_5,48.26,0.59,Lamp5/Vip
20190603_sample_6,27.92,35.96,Lamp5/Vip
20190603_sample_7,15.33,36.81,Lamp5/Vip
20190603_sample_9,,,           
20190603_sample_10,-25.74,25.31,Lamp5/Vip
20190604_sample_2,-14.42,-25.06,Pvalb/Sst
20190604_sample_4,34.5,32.04,Lamp5/Vip
20190604_sample_6,43.13,17.83,Lamp5/Vip
20190604_sample_8,-15.73,-36.9,Pvalb/Sst
20190604_sample_12,-6.97,41.36,Excitatory
20190605_sample_1,,,           
20190605_sample_2,-45.23,17.36,Lamp5/Vip
20190605_sample_4,-3.97,-2.13,Lamp5/Vip
20190605_sample_5,40.09,21.16,Lamp5/Vip
20190605_sample_6,-39.52,14.64,Lamp5/Vip
20190606_sample_1,-14.11,60.52,Pvalb/Sst
20190606_sample_2,-14.69,59.71,Pvalb/Sst
20190606_sample_3,-14.12,60.42,Pvalb/Sst
20190606_sample_5,-14.9,61.23,Pvalb/Sst
20190606_sample_6,39.61,16.15,Excitatory
20190606_sample_7,,,           
20190606_sample_9,0.61,34.98,Pvalb/Sst
20190607_sample_2,15.85,-24.82,Pvalb/Sst
20190607_sample_3,20.98,33.73,Lamp5/Vip
20190607_sample_5,,,           
20190610_sample_1,-1.86,30.23,Pvalb/Sst
20190610_sample_2,-14.03,60.45,Pvalb/Sst
20190610_sample_3,53.62,5.59,Lamp5/Vip
20190610_sample_4,-13.91,62.06,Pvalb/Sst
20190610_sample_5,,,           
20190610_sample_7,,,           
20190610_sample_8,-13.5,61.75,Pvalb/Sst
20190610_sample_9,37.92,2.44,Lamp5/Vip
20190610_sample_10,-14.2,62.59,Pvalb/Sst
20190610_sample_12,-16.43,60.0,Pvalb/Sst
20190610_sample_16,43.12,-19.92,Lamp5/Vip
20190610_sample_18,-28.32,37.52,Lamp5/Vip
20190611_sample_1,28.25,-28.05,Excitatory
20190611_sample_3,40.15,20.82,Lamp5/Vip
20190611_sample_4,-8.92,-52.38,Pvalb/Sst
20190611_sample_5,,,           
20190611_sample_7,40.71,16.93,Lamp5/Vip
20190611_sample_8,5.35,-32.82,Pvalb/Sst
20190611_sample_10,9.1,0.16,Pvalb/Sst
20190611_sample_11,0.93,55.2,Excitatory
20190611_sample_14,,,           
20190611_sample_15,12.31,42.29,Lamp5/Vip
20190612_sample_1,52.2,-15.29,Lamp5/Vip
20190612_sample_2,-14.64,61.25,Pvalb/Sst
20190612_sample_4,-29.11,1.13,Lamp5/Vip
20190612_sample_6,-14.44,60.83,Pvalb/Sst
20190612_sample_7,31.01,-10.73,Lamp5/Vip
20190612_sample_8,36.31,-14.25,Lamp5/Vip
20190613_sample_2,24.82,20.62,Pvalb/Sst
20190613_sample_3,54.85,-1.93,Pvalb/Sst
20190613_sample_4,22.83,4.73,Pvalb/Sst
20190613_sample_6,-14.83,-28.81,Pvalb/Sst
20190613_sample_7,27.59,18.84,Pvalb/Sst
20190613_sample_8,-16.36,-35.58,Pvalb/Sst
20190613_sample_9,21.85,17.78,Pvalb/Sst
20190613_sample_10,3.94,-52.51,Pvalb/Sst
20190614_sample_2,-31.74,13.73,Lamp5/Vip
20190614_sample_3,11.51,35.47,Lamp5/Vip
20190614_sample_4,-28.85,1.58,Lamp5/Vip
20190614_sample_6,-51.74,-4.55,Lamp5/Vip
20190614_sample_8,-22.54,-40.11,Lamp5/Vip
20190617_sample_1,52.6,6.21,Lamp5/Vip
20190617_sample_2,-27.06,0.95,Excitatory
20190617_sample_3,-7.36,-51.52,Pvalb/Sst
20190617_sample_4,23.21,21.79,Pvalb/Sst
20190617_sample_5,,,           
20190617_sample_6,3.94,-51.19,Pvalb/Sst
20190618_sample_1,,,           
20190618_sample_2,-21.22,-40.2,Lamp5/Vip
20190618_sample_4,-9.28,-12.95,Lamp5/Vip
20190618_sample_5,-10.73,20.94,Lamp5/Vip
20190618_sample_7,47.74,17.95,Lamp5/Vip
20190618_sample_8,7.38,47.9,Lamp5/Vip
20190619_sample_1,43.08,-15.22,Lamp5/Vip
20190619_sample_3,-13.98,60.52,Pvalb/Sst
20190619_sample_4,-13.46,62.03,Pvalb/Sst
20190619_sample_5,-13.91,61.63,Pvalb/Sst
20190619_sample_6,41.57,-9.89,Lamp5/Vip
20190620_sample_1,43.21,13.43,Lamp5/Vip
20190620_sample_2,14.33,-29.42,Pvalb/Sst
20190620_sample_5,-2.29,-52.41,Pvalb/Sst
20190620_sample_6,21.08,66.08,Pvalb/Sst
20190620_sample_8,-18.52,-23.62,Pvalb/Sst
20190624_sample_1,3.14,-53.58,Pvalb/Sst
20190624_sample_2,5.33,-53.4,Pvalb/Sst
20190624_sample_3,-1.48,-2.85,Pvalb/Sst
20190624_sample_4,-14.89,-37.2,Pvalb/Sst
20190624_sample_5,0.04,-13.73,Pvalb/Sst
20190624_sample_6,24.37,20.67,Pvalb/Sst
20190625_sample_1,-40.1,-36.07,Lamp5/Vip
20190625_sample_2,,,           
20190625_sample_3,-23.11,-32.89,Lamp5/Vip
20190625_sample_4,-27.73,35.54,Lamp5/Vip
20190625_sample_5,-6.49,-33.85,Lamp5/Vip
20190625_sample_6,35.71,3.88,Lamp5/Vip
20190625_sample_7,-44.43,14.62,Lamp5/Vip
20190625_sample_8,-31.18,11.78,Lamp5/Vip
20190625_sample_10,-61.96,-1.71,Lamp5/Vip
20190625_sample_11,-7.0,-31.02,Lamp5/Vip
20190625_sample_12,-24.84,28.67,Lamp5/Vip
20190625_sample_13,-63.95,-9.63,Lamp5/Vip
20190626_sample_1,-9.47,20.97,Lamp5/Vip
20190626_sample_4,,,           
20190626_sample_5,-54.9,7.44,Lamp5/Vip
20190627_sample_1,-37.98,-38.15,Excitatory
20190627_sample_2,31.8,-10.79,Lamp5/Vip
20190627_sample_4,-4.04,-58.01,Excitatory
20190627_sample_6,-46.84,8.74,Pvalb/Sst
20190627_sample_8,47.6,-8.9,Excitatory
20190628_sample_1,15.8,-27.0,Pvalb/Sst
20190628_sample_2,-38.8,-27.12,Pvalb/Sst
20190628_sample_3,63.77,-18.35,Pvalb/Sst
20190628_sample_4,14.98,-31.96,Pvalb/Sst
20190628_sample_5,21.24,21.79,Pvalb/Sst
20190628_sample_6,-16.35,-42.7,Pvalb/Sst
20190628_sample_7,18.87,37.14,Pvalb/Sst
20190703_sample_1,-13.4,-25.81,Pvalb/Sst
20190703_sample_2,-14.63,-24.45,Pvalb/Sst
20190703_sample_3,-33.43,22.48,Pvalb/Sst
20190703_sample_5,-28.87,15.87,Pvalb/Sst
20190703_sample_6,-16.34,-36.2,Pvalb/Sst
20190703_sample_8,-13.7,-26.74,Pvalb/Sst
20190703_sample_10,-15.73,-37.47,Pvalb/Sst
20190703_sample_12,-14.58,-38.42,Pvalb/Sst
20190703_sample_13,15.53,61.53,Pvalb/Sst
20190703_sample_14,,,           
20190703_sample_15,17.06,-25.72,Pvalb/Sst
20190704_sample_2,2.19,20.0,Pvalb/Sst
20190704_sample_12,-60.58,-11.56,Lamp5/Vip
20190704_sample_14,-9.18,-33.06,Lamp5/Vip
20190705_sample_1,-3.91,-1.97,Lamp5/Vip
20190705_sample_3,-8.03,-40.67,Lamp5/Vip
20190705_sample_4,-35.34,12.89,Lamp5/Vip
20190705_sample_5,-10.96,23.03,Lamp5/Vip
20190705_sample_9,-54.81,-12.1,Lamp5/Vip
20190708_sample_3,,,           
20190708_sample_4,-14.53,-23.12,Pvalb/Sst
20190708_sample_6,-11.75,22.92,Lamp5/Vip
20190708_sample_7,-1.74,-15.95,Lamp5/Vip
20190708_sample_8,-0.83,7.91,Excitatory
20190708_sample_12,-34.47,-36.96,Lamp5/Vip
20190709_sample_1,-19.87,-39.23,Lamp5/Vip
20190709_sample_2,-18.51,-45.29,Lamp5/Vip
20190709_sample_3,-41.47,-26.52,Lamp5/Vip
20190709_sample_8,,,           
20190709_sample_10,-4.34,-2.76,Lamp5/Vip
20190709_sample_11,-24.49,-42.7,Lamp5/Vip
20190709_sample_12,-11.13,-47.08,Lamp5/Vip
20190709_sample_13,-4.59,-3.1,Lamp5/Vip
20190709_sample_14,-58.99,6.96,Lamp5/Vip
20190710_sample_3,14.41,-18.96,Pvalb/Sst
20190710_sample_4,14.14,-26.43,Pvalb/Sst
20190710_sample_5,-15.15,-45.42,Pvalb/Sst
20190710_sample_6,14.89,-31.72,Pvalb/Sst
20190710_sample_8,-31.85,-25.19,Lamp5/Vip
20190710_sample_10,-42.31,16.63,Lamp5/Vip
20190712_sample_1,-23.29,-13.6,Excitatory
20190712_sample_3,7.64,2.47,Pvalb/Sst
20190712_sample_4,,,           
20190712_sample_5,32.12,-3.57,Lamp5/Vip
20190712_sample_6,40.73,-9.07,Lamp5/Vip
20190712_sample_7,34.83,-14.12,Lamp5/Vip
20190715_sample_1,36.27,-19.19,Lamp5/Vip
20190715_sample_4,45.8,-7.35,Lamp5/Vip
20190715_sample_5,-8.69,-42.37,Lamp5/Vip
20190715_sample_6,38.63,-23.28,Lamp5/Vip
20190715_sample_7,-32.94,-28.44,Lamp5/Vip
20190715_sample_8,42.83,-10.06,Lamp5/Vip
20190715_sample_9,-57.36,7.07,Lamp5/Vip
20190715_sample_10,,,           
20190715_sample_11,36.02,8.51,Lamp5/Vip
20190716_sample_1,,,           
20190716_sample_3,13.18,66.17,Pvalb/Sst
20190716_sample_5,-12.53,-35.32,Pvalb/Sst
20190716_sample_7,-24.96,-45.22,Lamp5/Vip
20190716_sample_8,26.53,-2.0,Lamp5/Vip
20190716_sample_9,-4.73,-9.64,Lamp5/Vip
20190717_sample_1,55.26,-1.86,Pvalb/Sst
20190717_sample_2,-5.75,-53.57,Pvalb/Sst
20190717_sample_3,-0.12,-2.59,Pvalb/Sst
20190718_sample_1,-18.41,-45.21,Lamp5/Vip
20190718_sample_2,-19.78,-35.64,Excitatory
20190718_sample_3,-17.84,-34.37,Excitatory
20190718_sample_4,-3.01,-27.03,Lamp5/Vip
20190718_sample_5,-25.11,-45.05,Lamp5/Vip
20190718_sample_6,-31.13,14.97,Lamp5/Vip
20190718_sample_7,-7.62,24.09,Lamp5/Vip
20190718_sample_8,-40.66,-34.25,Lamp5/Vip
20190718_sample_9,-26.91,-21.9,Lamp5/Vip
20190719_sample_1,-28.42,4.69,Excitatory
20190719_sample_2,40.39,-21.13,Excitatory
20190719_sample_4,28.62,-33.5,Excitatory
20190719_sample_5,11.09,-6.47,Excitatory
20190719_sample_6,-4.96,34.43,Excitatory
20190719_sample_9,17.0,-9.27,Excitatory
20190719_sample_10,-5.36,0.92,Excitatory
20190722_sample_1,-14.09,-26.1,Excitatory
20190722_sample_6,-17.13,-25.34,Excitatory
20190722_sample_7,,,           
20190722_sample_8,,,           
20190724_sample_1,-49.82,-4.58,Lamp5/Vip
20190724_sample_2,-36.26,-19.28,Excitatory
20190724_sample_4,-11.83,-43.95,Lamp5/Vip
20190724_sample_5,-38.98,16.48,Lamp5/Vip
20190724_sample_6,-11.73,18.85,Excitatory
20190724_sample_9,-8.34,1.87,Lamp5/Vip
20190724_sample_10,-52.21,8.55,Lamp5/Vip
20190724_sample_12,-3.91,-2.19,Lamp5/Vip
20190724_sample_16,,,           
20190725_sample_1,-29.28,34.84,Lamp5/Vip
20190725_sample_3,-11.2,22.32,Lamp5/Vip
20190725_sample_4,2.45,3.86,Pvalb/Sst
20190725_sample_5,-18.82,-29.51,Excitatory
20190725_sample_6,-11.06,-43.78,Lamp5/Vip
20190725_sample_7,-10.91,21.66,Lamp5/Vip
20190725_sample_8,-8.78,21.35,Lamp5/Vip
20190725_sample_9,-30.75,33.69,Lamp5/Vip
20190725_sample_10,,,           
20190726_sample_1,42.79,-18.43,Lamp5/Vip
20190726_sample_2,-20.84,-24.63,Pvalb/Sst
20190726_sample_3,44.58,-2.97,Lamp5/Vip
20190726_sample_4,38.82,-21.8,Excitatory
20190726_sample_5,31.76,-11.85,Lamp5/Vip
20190726_sample_6,61.28,-11.5,Pvalb/Sst
20190726_sample_7,32.68,-2.76,Lamp5/Vip
20190729_sample_2,6.41,-52.9,Pvalb/Sst
20190729_sample_3,20.09,27.76,Pvalb/Sst
20190729_sample_5,-14.0,2.4,Pvalb/Sst
20190730_sample_1,-39.02,-7.67,Lamp5/Vip
20190730_sample_2,-17.97,-45.89,Lamp5/Vip
20190730_sample_5,-7.52,-2.19,Lamp5/Vip
20190730_sample_6,-32.83,14.6,Lamp5/Vip
20190730_sample_7,-21.44,-38.75,Lamp5/Vip
20190730_sample_9,40.02,-17.25,Lamp5/Vip
20190731_sample_1,-43.12,-16.01,Pvalb/Sst
20190731_sample_2,43.23,-19.59,Lamp5/Vip
20190731_sample_3,,,           
20190731_sample_4,-56.0,-15.38,Lamp5/Vip
20190731_sample_5,-29.23,28.77,Pvalb/Sst
20190731_sample_6,,,           
20190731_sample_8,-31.11,20.78,Pvalb/Sst
20190801_sample_1,9.41,-10.86,Excitatory
20190801_sample_2,13.97,-31.74,Pvalb/Sst
20190801_sample_3,2.95,-37.89,Pvalb/Sst
20190801_sample_4,15.01,-2.48,Pvalb/Sst
20190801_sample_7,-8.53,-52.48,Pvalb/Sst
20190801_sample_8,,,           
20190820_sample_1,11.87,-4.33,Pvalb/Sst
20190820_sample_2,-49.62,1.79,Excitatory
20190820_sample_3,-13.68,6.76,Pvalb/Sst
20190820_sample_5,43.96,-8.03,Pvalb/Sst
20190820_sample_6,-26.58,1.25,Excitatory
20190821_sample_1,-11.05,18.66,Excitatory
20190821_sample_2,48.97,-6.83,Excitatory
20190821_sample_3,-53.26,-1.67,Excitatory
20190821_sample_4,45.66,-21.45,Excitatory
20190821_sample_5,2.57,52.44,Excitatory
20190821_sample_6,38.72,5.59,Excitatory
20190821_sample_7,53.29,-8.66,Excitatory
20190823_sample_1,28.33,-14.48,Excitatory
20190823_sample_3,-20.98,-22.58,Pvalb/Sst
20190823_sample_5,,,           
20190823_sample_6,7.71,-10.92,Excitatory
20190823_sample_7,37.69,-5.8,Excitatory
20190827_sample_1,-3.98,-37.56,Pvalb/Sst
20190827_sample_2,,,           
20190827_sample_3,19.19,19.59,Pvalb/Sst
20190827_sample_4,60.31,-1.48,Pvalb/Sst
20190827_sample_5,26.99,21.17,Excitatory
20190827_sample_6,15.66,-33.12,Pvalb/Sst
20190827_sample_7,-16.33,-42.99,Pvalb/Sst
20190827_sample_8,10.24,18.95,Pvalb/Sst
20190827_sample_9,-5.71,-42.12,Pvalb/Sst
20190828_sample_1,-55.95,1.14,Lamp5/Vip
20190828_sample_3,-21.63,-29.64,Lamp5/Vip
20190828_sample_4,-13.86,-45.7,Lamp5/Vip
20190828_sample_5,-25.08,-43.98,Lamp5/Vip
20190828_sample_6,-11.81,-45.24,Lamp5/Vip
20190828_sample_7,-48.88,9.72,Lamp5/Vip
20190829_sample_1,,,           
20190829_sample_2,19.33,-9.24,Lamp5/Vip
20190829_sample_3,-15.16,57.4,Excitatory
20190829_sample_4,39.98,-15.29,Lamp5/Vip
20190829_sample_6,26.74,-2.97,Lamp5/Vip
20190829_sample_9,-33.05,24.21,Pvalb/Sst
20190830_sample_1,-7.81,56.54,Excitatory
20190830_sample_2,4.27,46.99,Excitatory
20190830_sample_3,,,           
20190830_sample_4,,,           
20190830_sample_6,20.0,-18.58,Excitatory
20190830_sample_8,27.01,-31.93,Excitatory
20190830_sample_9,-21.34,-55.17,Excitatory
20190904_sample_1,,,           
20190904_sample_2,-23.47,-45.55,Lamp5/Vip
20190904_sample_3,-33.52,13.96,Lamp5/Vip
20190904_sample_4,-6.95,-40.09,Lamp5/Vip
20190904_sample_5,-30.98,-27.51,Lamp5/Vip
20190904_sample_7,-31.39,-36.99,Lamp5/Vip
20190905_sample_1,,,           
20190905_sample_3,26.38,22.32,Pvalb/Sst
20190906_sample_1,31.01,-12.71,Lamp5/Vip
20190906_sample_5,-56.89,-16.61,Excitatory
20190906_sample_6,29.83,-9.83,Lamp5/Vip
20190910_sample_1,22.37,33.55,Lamp5/Vip
20190910_sample_2,-7.91,2.71,Lamp5/Vip
20190910_sample_3,-33.34,-26.75,Lamp5/Vip
20190910_sample_4,-27.38,34.0,Lamp5/Vip
20190910_sample_6,-9.08,36.87,Lamp5/Vip
20190911_sample_3,-20.27,-51.02,Excitatory
20190911_sample_4,11.83,-27.39,Excitatory
20190911_sample_6,,,           
20190911_sample_7,,,           
20190911_sample_9,-47.72,6.37,Excitatory
20190912_sample_1,-57.37,-5.12,Excitatory
20190912_sample_2,-19.78,-22.66,Excitatory
20190912_sample_3,-56.02,-16.65,Excitatory
20190912_sample_4,31.61,-9.04,Lamp5/Vip
20190912_sample_6,-44.82,-31.74,Excitatory
20190912_sample_8,-55.74,-16.77,Excitatory
20190912_sample_10,-14.22,60.39,Pvalb/Sst
20190917_sample_1,-54.29,-5.71,Excitatory
20190917_sample_2,40.84,-20.76,Lamp5/Vip
20190917_sample_3,14.3,-9.58,Excitatory
20190919_sample_1,,,           
20190919_sample_4,37.86,-19.52,Lamp5/Vip
20190919_sample_5,-14.22,-26.04,Excitatory
20190924_sample_1,-0.06,-48.9,Pvalb/Sst
20190924_sample_2,9.75,-38.56,Pvalb/Sst
20190924_sample_3,25.78,26.91,Excitatory
20190924_sample_4,53.18,-9.97,Pvalb/Sst
20190924_sample_5,55.25,-11.36,Pvalb/Sst
20190924_sample_6,20.3,20.25,Pvalb/Sst
20190924_sample_7,-16.59,-43.45,Pvalb/Sst
20190924_sample_8,-23.45,-14.36,Excitatory
20190925_sample_2,-21.07,-24.12,Pvalb/Sst
20190925_sample_3,22.34,22.03,Pvalb/Sst
20190925_sample_4,-19.57,-26.69,Excitatory
20190925_sample_5,0.41,24.65,Pvalb/Sst
20190925_sample_6,-47.54,-34.24,Pvalb/Sst
20190925_sample_7,10.23,16.87,Pvalb/Sst
20190926_sample_2,-43.05,37.67,Excitatory
20190926_sample_3,10.8,-42.35,Pvalb/Sst
20190926_sample_4,-42.89,35.41,Excitatory
20190926_sample_5,-44.58,-33.04,Pvalb/Sst
20190926_sample_6,58.62,11.26,Pvalb/Sst
20190927_sample_1,41.31,18.23,Excitatory
20190927_sample_2,-41.57,-38.4,Excitatory
20190927_sample_3,-61.3,14.85,Pvalb/Sst
20190927_sample_4,-11.89,46.18,Excitatory
20190927_sample_5,-46.01,-35.24,Pvalb/Sst
20190927_sample_6,2.69,19.58,Lamp5/Vip
20190927_sample_7,-57.97,-4.23,Excitatory
20191001_sample_1,32.96,13.17,Pvalb/Sst
20191001_sample_2,,,           
20191001_sample_3,-3.2,0.22,Pvalb/Sst
20191001_sample_4,-14.04,-37.2,Pvalb/Sst
20191001_sample_5,3.55,-38.46,Pvalb/Sst
20191001_sample_6,6.75,-8.44,Pvalb/Sst
20191003_sample_2,,,           
20191003_sample_3,58.61,-7.84,Pvalb/Sst
20191003_sample_4,22.22,31.18,Pvalb/Sst
20191003_sample_5,20.29,22.92,Pvalb/Sst
20191003_sample_6,-19.52,-31.46,Excitatory
20191010_sample_1,0.26,21.94,Excitatory
20191010_sample_2,-1.63,21.54,Pvalb/Sst
20191010_sample_3,2.98,-4.25,Excitatory
20191010_sample_4,-45.26,-12.3,Pvalb/Sst
20191010_sample_6,-8.51,-24.54,Pvalb/Sst
20191010_sample_7,-42.77,37.89,Excitatory
20191028_sample_1,16.57,7.03,Pvalb/Sst
20191028_sample_2,21.68,61.61,Pvalb/Sst
20191028_sample_3,-9.06,-24.8,Pvalb/Sst
20191028_sample_4,,,           
20191028_sample_5,,,           
20191030_sample_2,6.44,-47.17,Pvalb/Sst
20191030_sample_3,-42.52,37.59,Excitatory
20191030_sample_4,-13.09,-54.74,Excitatory
20191030_sample_5,18.86,-18.45,Pvalb/Sst
20191101_sample_1,44.4,4.87,Lamp5/Vip
20191101_sample_2,-44.14,3.15,Excitatory
20191101_sample_3,8.16,49.03,Lamp5/Vip
20191101_sample_4,-30.83,-0.63,Excitatory
20191101_sample_5,-28.56,-0.05,Excitatory
20191101_sample_6,-47.8,10.53,Excitatory
20191104_sample_1,16.68,32.67,Pvalb/Sst
20191104_sample_2,11.54,38.65,Lamp5/Vip
20191104_sample_3,,,           
20191104_sample_4,-51.23,-33.78,Pvalb/Sst
20191105_sample_1,-30.09,23.8,Pvalb/Sst
20191105_sample_2,-10.32,21.76,Excitatory
20191105_sample_3,16.12,-21.54,Pvalb/Sst
20191105_sample_4,-40.29,-27.63,Pvalb/Sst
20191105_sample_5,18.45,30.09,Pvalb/Sst
20191106_sample_2,35.55,-10.82,Lamp5/Vip
20191106_sample_3,-11.15,52.38,Excitatory
20191106_sample_5,50.73,5.82,Lamp5/Vip
20191107_sample_1,,,           
20191107_sample_2,17.78,-20.18,Pvalb/Sst
20191107_sample_3,17.96,35.57,Pvalb/Sst
20191107_sample_4,21.32,30.13,Pvalb/Sst
20191108_sample_1,-46.09,0.14,Excitatory
20191108_sample_4,-37.11,-2.93,Excitatory
20191108_sample_5,0.33,22.34,Excitatory
20191114_sample_1,7.51,52.56,Lamp5/Vip
20191114_sample_2,-57.3,-4.22,Excitatory
20191114_sample_3,34.55,31.48,Excitatory
20191114_sample_4,19.42,41.1,Pvalb/Sst
20191114_sample_5,,,           
20191114_sample_7,-2.26,21.15,Excitatory
20191114_sample_8,-0.5,32.86,Excitatory
20191114_sample_9,-7.52,21.09,Excitatory
20200106_sample_1,45.41,22.45,Lamp5/Vip
20200106_sample_4,33.07,33.77,Excitatory
20200106_sample_5,44.1,2.38,Excitatory
20200106_sample_6,39.58,18.49,Excitatory
20200225_sample_2,-2.84,-20.43,Excitatory
20200225_sample_5,,,           
20200316_sample_1,-43.24,34.97,Excitatory
20200316_sample_2,,,           
20200316_sample_3,-43.68,-32.34,Pvalb/Sst
